SKU,Medication Name,Category,Strength,Dosage Form,Brand Name,Purchase Price (₦),Selling Price (₦),Current Stock,Reorder Level,Batch Number,Supplier,Warehouse Location,Expiry Date
SKU00001,Loratadine,Antihistamine,4mg,Tablet,Juhel,3807,5227.43,179,84,BT895919,Fidson Healthcare,D2,2029-05-28
SKU00002,Dexamethasone,Corticosteroid,100mg,Cream,Neimeth,11865,14569.59,335,21,BT440903,Fidson Healthcare,A3,2029-04-23
SKU00003,Imipenem,Antibiotic,250mg,Injection,May & Baker,19351,25781.49,200,63,BT990205,Swiss Pharma Nigeria,D3,2028-12-21
SKU00004,Sulfadoxine,Antimalarial,200mg,Injection,Swiss Pharma,18034,21094.66,93,85,BT850415,Swiss Pharma Nigeria,D3,2027-08-07
SKU00005,Hydrocortisone,Corticosteroid,20mg,Cream,Juhel,3191,3838.5,250,25,BT617127,Fidson Healthcare,A2,2027-05-30
SKU00006,Pantoprazole,Antifungal,500mg,Capsule,GSK,11247,15744.82,630,37,BT228392,Swiss Pharma Nigeria,B1,2027-12-28
SKU00007,Propylthiouracil,General Medicine,5mg,Capsule,Emzor,18759,28879.35,816,66,BT530950,Drugfield Pharmaceuticals,C2,2026-10-22
SKU00008,Pyrazinamide,Antibiotic,1g,Capsule,Swiss Pharma,14991,18723.5,112,88,BT688962,Swiss Pharma Nigeria,B3,2029-09-15
SKU00009,Gliclazide,Antidiabetic,850mg,Injection,Juhel,3995,5483.53,159,29,BT494391,Drugfield Pharmaceuticals,C1,2027-10-25
SKU00010,Dexamethasone,Corticosteroid,4mg,Cream,May & Baker,10432,16534.32,574,22,BT516253,Emzor Pharmaceuticals,C2,2028-02-02
SKU00011,Clarithromycin,Antibiotic,250mg,Injection,May & Baker,1395,1859.99,276,27,BT720115,Drugfield Pharmaceuticals,C1,2028-06-17
SKU00012,Escitalopram,Psychiatric,10mg,Tablet,Drugfield,19036,24544.59,892,74,BT430645,Swiss Pharma Nigeria,D3,2030-05-21
SKU00013,Montelukast,Respiratory,200mcg,Nebule,Emzor,14821,18171.69,146,87,BT632636,Drugfield Pharmaceuticals,D3,2028-10-07
SKU00014,Quinine,Antimalarial,200mg,Tablet,Neimeth,12976,17134.9,296,32,BT675138,May & Baker Nigeria,C3,2027-08-23
SKU00015,Domperidone,General Medicine,25mg,Tablet,Evans,19206,24827.67,743,25,BT141628,Fidson Healthcare,B3,2028-07-28
SKU00016,Fluoxetine,Psychiatric,5mg,Tablet,Drugfield,17624,26808.77,139,55,BT521716,Emzor Pharmaceuticals,C1,2028-04-20
SKU00017,Rivastigmine,General Medicine,5mg,Tablet,Juhel,12449,17820.36,387,91,BT940955,Evans Medical,B1,2029-02-06
SKU00018,Chlorpheniramine,Antihistamine,10mg,Tablet,Juhel,13567,21588.77,837,49,BT814660,Emzor Pharmaceuticals,B2,2029-03-27
SKU00019,Montelukast,Respiratory,2mg,Tablet,Neimeth,6471,7602.2,889,66,BT805536,Evans Medical,C3,2028-10-28
SKU00020,Digoxin,General Medicine,25mg,Tablet,GSK,12727,20006.92,417,57,BT454597,Fidson Healthcare,D3,2030-02-09
SKU00021,Tamsulosin,General Medicine,5mg,Tablet,Drugfield,18791,29551.77,366,34,BT778729,Fidson Healthcare,D1,2029-04-24
SKU00022,Pregabalin,Antiepileptic,500mg,Capsule,Swiss Pharma,1377,1682.98,24,21,BT377749,Evans Medical,A2,2027-08-10
SKU00023,Diclofenac,NSAID,50mg,Tablet,Neimeth,8688,11021.61,163,66,BT342961,Fidson Healthcare,C2,2028-01-30
SKU00024,Artemether,Antimalarial,20/120mg,Tablet,Fidson,19620,24338.23,402,100,BT193719,Emzor Pharmaceuticals,B1,2028-06-07
SKU00025,Empagliflozin,Antidiabetic,500mg,Tablet,May & Baker,2200,2705.05,542,40,BT329493,Drugfield Pharmaceuticals,A2,2030-03-02
SKU00026,Loratadine,Antihistamine,120mg,Tablet,Fidson,18149,27333.06,116,75,BT127166,Evans Medical,A1,2028-08-30
SKU00027,Ramipril,Antihypertensive,25mg,Tablet,Emzor,783,907.66,554,52,BT755271,Fidson Healthcare,D1,2030-04-29
SKU00028,Tacrolimus,General Medicine,10mg,Tablet,May & Baker,7934,9180.75,827,81,BT853193,Drugfield Pharmaceuticals,A2,2028-07-29
SKU00029,Itraconazole,Antifungal,150mg,Capsule,Emzor,7961,9575.89,645,85,BT296602,Swiss Pharma Nigeria,A2,2029-11-13
SKU00030,Fexofenadine,Antihistamine,4mg,Tablet,Evans,11047,14266.3,356,80,BT349158,Swiss Pharma Nigeria,B3,2028-07-27
SKU00031,Propranolol,Antihypertensive,5mg,Tablet,May & Baker,7123,10518.67,910,90,BT514955,Emzor Pharmaceuticals,D2,2027-01-08
SKU00032,Aspirin,General Medicine,5mg,Capsule,Emzor,11555,18043.49,440,61,BT989317,May & Baker Nigeria,D3,2027-05-02
SKU00033,Brimonidine,General Medicine,25mg,Tablet,Emzor,6516,8999.42,552,63,BT124897,Swiss Pharma Nigeria,C2,2026-11-09
SKU00034,Latanoprost,General Medicine,5mg,Tablet,Fidson,14264,21050.57,741,57,BT289931,Drugfield Pharmaceuticals,D1,2028-09-11
SKU00035,Haloperidol,Psychiatric,50mg,Tablet,Pfizer,13184,19047.41,229,98,BT377573,May & Baker Nigeria,A1,2027-06-15
SKU00036,Gabapentin,Antiepileptic,300mg,Tablet,May & Baker,6513,7606.63,253,84,BT786673,Swiss Pharma Nigeria,A1,2027-10-21
SKU00037,Fluoxetine,Psychiatric,5mg,Tablet,Fidson,8493,12484.54,851,89,BT317473,Drugfield Pharmaceuticals,C2,2027-12-16
SKU00038,Ceftriaxone,Antibiotic,500mg,Suspension,May & Baker,9414,12975.12,281,66,BT718056,Swiss Pharma Nigeria,C1,2030-02-08
SKU00039,Brimonidine,General Medicine,50mg,Tablet,Juhel,7836,10211.17,109,77,BT951590,May & Baker Nigeria,C2,2027-09-28
SKU00040,Cefotaxime,Antibiotic,250mg,Injection,Evans,15352,18423.47,201,92,BT703368,Fidson Healthcare,A3,2029-03-20
SKU00041,Amlodipine,Antihypertensive,25mg,Tablet,Emzor,11566,15227.83,114,74,BT214173,Swiss Pharma Nigeria,D3,2029-01-31
SKU00042,Tazobactam,Antibiotic,125mg,Suspension,Fidson,3946,5668.76,553,26,BT898564,Fidson Healthcare,B2,2027-01-16
SKU00043,Hydrochlorothiazide,Diuretic,100mg,Tablet,Drugfield,19115,22730.55,592,98,BT591722,Swiss Pharma Nigeria,D1,2027-11-15
SKU00044,Fluoxetine,Psychiatric,100mg,Tablet,Evans,12999,17518.64,550,84,BT987796,May & Baker Nigeria,D2,2028-06-03
SKU00045,Brimonidine,General Medicine,10mg,Tablet,Juhel,3580,5528.47,50,45,BT502773,Drugfield Pharmaceuticals,C1,2030-03-12
SKU00046,Insulin Aspart,Antidiabetic,1000mg,Tablet,Emzor,12794,19205.08,32,31,BT267347,Emzor Pharmaceuticals,C1,2027-07-23
SKU00047,Bromocriptine,General Medicine,100mg,Capsule,Juhel,4369,6012.51,728,31,BT489585,Fidson Healthcare,D3,2028-04-22
SKU00048,Citalopram,Psychiatric,25mg,Tablet,Fidson,9423,13014.82,164,81,BT793095,Evans Medical,A3,2028-05-31
SKU00049,Omeprazole,Antifungal,150mg,Cream,Fidson,9903,15376.02,860,20,BT258034,Fidson Healthcare,A3,2028-04-02
SKU00050,Mebendazole,Antifungal,200mg,Tablet,Fidson,17554,20680.8,938,61,BT971064,Emzor Pharmaceuticals,B2,2029-10-31
SKU00051,Duloxetine,Psychiatric,50mg,Tablet,Fidson,14115,22282.12,32,89,BT776074,Evans Medical,B3,2027-05-15
SKU00052,Domperidone,General Medicine,5mg,Tablet,Evans,19693,26863.56,274,38,BT194334,Fidson Healthcare,C1,2028-01-03
SKU00053,Tadalafil,General Medicine,5mg,Tablet,GSK,9364,11149.96,636,58,BT259408,Drugfield Pharmaceuticals,A3,2027-01-01
SKU00054,Paroxetine,Psychiatric,50mg,Tablet,Emzor,12462,18496.64,961,74,BT711486,Evans Medical,C3,2027-04-16
SKU00055,Nitroglycerin,General Medicine,50mg,Capsule,Swiss Pharma,10095,14217.65,592,74,BT226698,Fidson Healthcare,C2,2029-12-11
SKU00056,Olanzapine,Psychiatric,10mg,Tablet,Fidson,11752,16764.18,155,62,BT934207,Emzor Pharmaceuticals,D3,2029-08-30
SKU00057,Tazobactam,Antibiotic,250mg,Tablet,May & Baker,17073,26522.5,585,28,BT208966,Swiss Pharma Nigeria,B2,2029-01-04
SKU00058,Rivastigmine,General Medicine,10mg,Tablet,Emzor,9338,12741.45,353,87,BT215605,Emzor Pharmaceuticals,D1,2029-04-28
SKU00059,Valsartan,Antihypertensive,25mg,Tablet,Evans,18194,27976.27,594,26,BT737821,Evans Medical,B3,2027-08-18
SKU00060,Azithromycin,Antibiotic,500mg,Injection,Pfizer,11241,16878.9,723,47,BT365810,Emzor Pharmaceuticals,B2,2029-05-09
SKU00061,Cefotaxime,Antibiotic,1g,Capsule,Pfizer,731,1136.15,538,80,BT693869,Fidson Healthcare,D2,2029-01-27
SKU00062,Vitamin D3,General Medicine,10mg,Capsule,GSK,8401,11232.0,60,21,BT688089,May & Baker Nigeria,A3,2029-10-24
SKU00063,Bromocriptine,General Medicine,100mg,Tablet,May & Baker,15298,20385.85,484,82,BT935429,Fidson Healthcare,C3,2030-01-05
SKU00064,Fexofenadine,Antihistamine,120mg,Syrup,Juhel,2890,3973.29,304,50,BT383687,Swiss Pharma Nigeria,A1,2027-08-25
SKU00065,Salbutamol,Respiratory,4mg,Nebule,Juhel,19139,24701.7,90,42,BT987964,Emzor Pharmaceuticals,D3,2029-02-01
SKU00066,Levetiracetam,Antiepileptic,300mg,Capsule,Pfizer,11377,14049.76,192,58,BT598234,Drugfield Pharmaceuticals,A2,2029-12-01
SKU00067,Diazepam,Psychiatric,25mg,Tablet,GSK,5335,8214.3,66,94,BT937344,Fidson Healthcare,B3,2027-09-12
SKU00068,Ethambutol,Antibiotic,125mg,Tablet,Pfizer,19992,26218.85,958,96,BT389613,Emzor Pharmaceuticals,C1,2027-04-11
SKU00069,Empagliflozin,Antidiabetic,25mg,Injection,May & Baker,8645,11205.21,46,98,BT154086,Emzor Pharmaceuticals,B2,2029-12-28
SKU00070,Phenytoin,Antiepileptic,300mg,Capsule,Pfizer,13727,16600.64,301,23,BT501466,Fidson Healthcare,C3,2027-02-22
SKU00071,Sulfasalazine,General Medicine,5mg,Capsule,Juhel,15147,21113.01,69,35,BT753047,Emzor Pharmaceuticals,B3,2029-03-09
SKU00072,Citalopram,Psychiatric,50mg,Tablet,Pfizer,9614,11360.77,899,58,BT175392,Evans Medical,D3,2028-07-29
SKU00073,Allopurinol,General Medicine,5mg,Capsule,Drugfield,10564,15654.8,370,26,BT891345,Swiss Pharma Nigeria,B1,2029-12-14
SKU00074,Enoxaparin,Anticoagulant,5mg,Tablet,Juhel,14922,17271.97,946,90,BT874429,Swiss Pharma Nigeria,C3,2029-07-06
SKU00075,Loperamide,General Medicine,25mg,Tablet,Juhel,14862,18027.56,184,61,BT994388,May & Baker Nigeria,C3,2028-02-25
SKU00076,Methyldopa,Antihypertensive,100mg,Tablet,Pfizer,182,262.64,554,33,BT782128,May & Baker Nigeria,D2,2028-02-07
SKU00077,Lamotrigine,Antiepileptic,500mg,Capsule,Neimeth,11266,17683.64,284,42,BT447507,Evans Medical,B3,2026-11-27
SKU00078,Ethambutol,Antibiotic,625mg,Suspension,Drugfield,11024,12755.23,759,95,BT813844,Drugfield Pharmaceuticals,B3,2028-08-01
SKU00079,Mirtazapine,Psychiatric,10mg,Tablet,Swiss Pharma,7182,10505.24,69,63,BT609434,May & Baker Nigeria,C3,2027-07-11
SKU00080,Ethambutol,Antibiotic,250mg,Capsule,Neimeth,13206,16556.02,1000,48,BT734611,Drugfield Pharmaceuticals,C3,2029-02-01
SKU00081,Rosuvastatin,Statin,40mg,Tablet,GSK,16714,25624.11,514,59,BT853004,Swiss Pharma Nigeria,D3,2027-10-26
SKU00082,Famotidine,General Medicine,25mg,Tablet,Fidson,10077,13398.03,422,98,BT643924,Emzor Pharmaceuticals,C2,2030-02-15
SKU00083,Dabigatran,Anticoagulant,20mg,Tablet,Neimeth,13329,18410.21,453,62,BT288030,Swiss Pharma Nigeria,C2,2030-03-07
SKU00084,Gentamicin,General Medicine,25mg,Tablet,Neimeth,3000,4403.03,284,43,BT688227,Evans Medical,C2,2030-04-18
SKU00085,Propylthiouracil,General Medicine,10mg,Tablet,Swiss Pharma,18050,21034.35,748,59,BT279296,May & Baker Nigeria,A1,2027-08-16
SKU00086,Diclofenac,NSAID,400mg,Capsule,Juhel,10649,12763.2,840,95,BT933279,Emzor Pharmaceuticals,C3,2028-11-24
SKU00087,Insulin Glargine,Antidiabetic,10mg,Injection,May & Baker,3165,4906.57,778,71,BT923140,Evans Medical,A1,2028-12-18
SKU00088,Sildenafil,General Medicine,50mg,Capsule,Pfizer,19124,29384.47,285,28,BT295751,Fidson Healthcare,C1,2027-05-02
SKU00089,Apixaban,Anticoagulant,5mg,Injection,Evans,17053,19907.46,9,88,BT926461,Drugfield Pharmaceuticals,B1,2028-11-22
SKU00090,Cefotaxime,Antibiotic,250mg,Injection,Swiss Pharma,16548,19712.52,741,83,BT717324,Drugfield Pharmaceuticals,C2,2027-07-30
SKU00091,Warfarin,Anticoagulant,10mg,Injection,May & Baker,14052,20617.86,429,80,BT391909,Evans Medical,B2,2026-10-10
SKU00092,Carbidopa,General Medicine,25mg,Tablet,Juhel,9865,13921.57,414,85,BT695599,Emzor Pharmaceuticals,B2,2027-11-01
SKU00093,Erythromycin,Antibiotic,250mg,Capsule,Emzor,6355,8673.31,618,44,BT748112,May & Baker Nigeria,A3,2027-04-18
SKU00094,Vancomycin,Antibiotic,125mg,Capsule,Pfizer,260,331.52,791,79,BT589566,Evans Medical,D1,2028-10-14
SKU00095,Amlodipine,Antihypertensive,2.5mg,Tablet,Juhel,16891,19435.03,932,31,BT373976,Swiss Pharma Nigeria,C2,2028-02-15
SKU00096,Azathioprine,General Medicine,10mg,Capsule,Swiss Pharma,10231,14754.3,908,89,BT247013,Evans Medical,D1,2029-09-22
SKU00097,Venlafaxine,Psychiatric,25mg,Tablet,Drugfield,17083,24834.75,572,26,BT652295,Swiss Pharma Nigeria,B2,2030-01-19
SKU00098,Amoxicillin,Antibiotic,250mg,Injection,Pfizer,17048,23071.66,891,70,BT667034,Emzor Pharmaceuticals,D2,2029-05-30
SKU00099,Erythromycin,Antibiotic,625mg,Suspension,Swiss Pharma,4679,7451.73,252,81,BT474937,May & Baker Nigeria,B3,2027-02-07
SKU00100,Amoxicillin,Antibiotic,625mg,Capsule,Pfizer,7518,8864.42,655,95,BT330150,Drugfield Pharmaceuticals,B1,2027-10-05
SKU00101,Topiramate,Antiepileptic,300mg,Capsule,GSK,17113,21200.68,410,100,BT843286,Fidson Healthcare,B1,2030-02-15
SKU00102,Azithromycin,Antibiotic,625mg,Suspension,May & Baker,3367,5309.64,638,95,BT381788,Fidson Healthcare,D3,2029-03-14
SKU00103,Levothyroxine,General Medicine,25mg,Tablet,Neimeth,9457,13585.09,33,61,BT446642,Drugfield Pharmaceuticals,C2,2027-08-15
SKU00104,Amiodarone,General Medicine,100mg,Tablet,Pfizer,4685,6536.52,518,58,BT836950,Fidson Healthcare,C1,2028-06-01
SKU00105,Betamethasone,Corticosteroid,4mg,Cream,Evans,10290,15863.9,84,96,BT336991,Drugfield Pharmaceuticals,C3,2028-01-15
SKU00106,Isoniazid,Antibiotic,625mg,Capsule,Pfizer,3115,3741.64,275,50,BT628243,Drugfield Pharmaceuticals,C1,2030-01-08
SKU00107,Fluoxetine,Psychiatric,25mg,Tablet,Swiss Pharma,10436,14021.25,410,90,BT783988,Evans Medical,C2,2029-05-06
SKU00108,Pilocarpine,General Medicine,100mg,Capsule,Swiss Pharma,13099,15620.18,549,66,BT180996,Swiss Pharma Nigeria,D1,2029-02-23
SKU00109,Linezolid,Antibiotic,500mg,Injection,Emzor,14807,19904.93,184,44,BT600382,Emzor Pharmaceuticals,C3,2028-11-11
SKU00110,Alprazolam,Psychiatric,10mg,Tablet,Emzor,14499,21757.03,862,53,BT120538,Drugfield Pharmaceuticals,D3,2029-08-06
SKU00111,Gliclazide,Antidiabetic,10mg,Tablet,Emzor,14144,17510.41,220,36,BT840752,Emzor Pharmaceuticals,D2,2028-01-06
SKU00112,Pyrimethamine,Antimalarial,100mg,Tablet,Evans,2145,2781.93,999,67,BT616703,Swiss Pharma Nigeria,A3,2027-10-07
SKU00113,Propranolol,Antihypertensive,100mg,Tablet,Neimeth,10946,16815.25,440,55,BT915943,May & Baker Nigeria,B1,2026-12-03
SKU00114,Codeine,Analgesic,500mg,Injection,Neimeth,7474,10783.64,238,92,BT954766,Emzor Pharmaceuticals,D2,2030-01-20
SKU00115,Metronidazole,Antifungal,200mg,Capsule,May & Baker,12231,15214.1,720,85,BT142775,Fidson Healthcare,A1,2027-06-06
SKU00116,Cloxacillin,Antibiotic,125mg,Tablet,Evans,7217,9327.48,406,85,BT718499,Drugfield Pharmaceuticals,C3,2026-10-12
SKU00117,Finasteride,General Medicine,50mg,Capsule,Swiss Pharma,18875,21910.65,371,80,BT734589,Drugfield Pharmaceuticals,A1,2027-07-09
SKU00118,Heparin,Anticoagulant,5mg,Injection,May & Baker,4377,5815.42,979,40,BT335642,Swiss Pharma Nigeria,C1,2027-05-04
SKU00119,Ibuprofen,NSAID,50mg,Tablet,Evans,16595,20077.7,898,64,BT905082,Fidson Healthcare,C3,2026-10-13
SKU00120,Imipenem,Antibiotic,500mg,Suspension,Swiss Pharma,1064,1546.89,196,30,BT722788,Drugfield Pharmaceuticals,B1,2026-11-06
SKU00121,Praziquantel,General Medicine,5mg,Tablet,GSK,2270,3083.66,17,86,BT292840,Evans Medical,B2,2027-10-10
SKU00122,Atorvastatin,Statin,20mg,Tablet,Neimeth,9396,11995.13,132,63,BT291962,Emzor Pharmaceuticals,A3,2029-03-24
SKU00123,Carvedilol,General Medicine,5mg,Tablet,Juhel,8312,9697.23,620,60,BT354562,Drugfield Pharmaceuticals,D2,2028-08-08
SKU00124,Escitalopram,Psychiatric,100mg,Tablet,Swiss Pharma,18047,23300.02,872,98,BT938491,Fidson Healthcare,A3,2027-01-18
SKU00125,Spironolactone,Diuretic,100mg,Tablet,Pfizer,1753,2026.84,787,78,BT771765,Fidson Healthcare,C2,2027-04-25
SKU00126,Amoxicillin,Antibiotic,625mg,Tablet,Pfizer,12113,14673.1,866,21,BT117333,Fidson Healthcare,D3,2028-11-04
SKU00127,Bisoprolol,Antihypertensive,50mg,Tablet,Neimeth,13046,19523.26,883,32,BT946204,Swiss Pharma Nigeria,A3,2029-03-14
SKU00128,Heparin,Anticoagulant,5mg,Injection,Fidson,17141,25434.64,376,37,BT973655,May & Baker Nigeria,C3,2028-10-04
SKU00129,Dexamethasone,Corticosteroid,5mg,Injection,Pfizer,11755,16389.14,737,96,BT496946,Swiss Pharma Nigeria,A3,2027-05-02
SKU00130,Chlorpheniramine,Antihistamine,4mg,Syrup,Evans,11123,17099.87,43,83,BT158963,Swiss Pharma Nigeria,B3,2028-03-25
SKU00131,Mirtazapine,Psychiatric,50mg,Tablet,Evans,635,766.24,939,92,BT671287,Evans Medical,C2,2030-02-03
SKU00132,Piperacillin,Antibiotic,1g,Suspension,Fidson,10630,14041.09,605,43,BT855590,Evans Medical,D1,2027-06-30
SKU00133,Lamotrigine,Antiepileptic,500mg,Capsule,Fidson,3723,5569.72,176,73,BT757471,May & Baker Nigeria,A2,2027-03-23
SKU00134,Clopidogrel,Anticoagulant,10mg,Injection,GSK,12944,19299.1,828,58,BT158471,Emzor Pharmaceuticals,A1,2027-05-28
SKU00135,Ropinirole,General Medicine,10mg,Tablet,Evans,10840,13732.31,545,41,BT606744,Fidson Healthcare,D1,2027-12-10
SKU00136,Potassium Chloride,General Medicine,50mg,Capsule,Pfizer,12339,18806.64,447,100,BT913967,May & Baker Nigeria,A3,2029-08-10
SKU00137,Levetiracetam,Antiepileptic,200mg,Capsule,Neimeth,8407,12129.98,176,75,BT856467,Emzor Pharmaceuticals,A2,2030-03-14
SKU00138,Citalopram,Psychiatric,50mg,Tablet,Emzor,13271,16064.35,957,90,BT566831,Fidson Healthcare,A3,2029-08-05
SKU00139,Meropenem,Antibiotic,250mg,Injection,GSK,15160,20200.99,505,72,BT635299,Emzor Pharmaceuticals,A2,2029-12-15
SKU00140,Methylprednisolone,Corticosteroid,40mg,Cream,Evans,11423,18121.2,273,49,BT300323,Emzor Pharmaceuticals,B1,2028-03-29
SKU00141,Aluminium Hydroxide,General Medicine,25mg,Tablet,Neimeth,8508,11308.87,121,61,BT583554,Swiss Pharma Nigeria,D2,2029-02-21
SKU00142,Losartan,Antihypertensive,50mg,Tablet,Emzor,3677,5439.21,77,88,BT860009,May & Baker Nigeria,D3,2028-09-23
SKU00143,Atorvastatin,Statin,10mg,Tablet,Pfizer,7674,10832.05,734,41,BT805464,Fidson Healthcare,C1,2027-10-23
SKU00144,Insulin Aspart,Antidiabetic,10mg,Tablet,Emzor,6108,7100.72,755,26,BT404362,May & Baker Nigeria,D3,2028-04-21
SKU00145,Apixaban,Anticoagulant,2.5mg,Injection,May & Baker,5449,6599.91,311,28,BT612707,May & Baker Nigeria,D3,2029-03-16
SKU00146,Hydrochlorothiazide,Diuretic,25mg,Tablet,Neimeth,12844,18814.14,945,85,BT942158,Evans Medical,B3,2027-10-20
SKU00147,Ramipril,Antihypertensive,5mg,Tablet,Fidson,2293,3129.53,454,83,BT834734,Fidson Healthcare,C3,2028-12-27
SKU00148,Folic Acid,General Medicine,25mg,Tablet,Juhel,5766,8666.21,910,27,BT817481,Drugfield Pharmaceuticals,A1,2027-05-27
SKU00149,Codeine,Analgesic,500mg,Syrup,Evans,15678,25067.42,682,100,BT712084,Emzor Pharmaceuticals,C1,2028-02-29
SKU00150,Artesunate,Antimalarial,20/120mg,Injection,Juhel,17860,22848.62,279,32,BT623968,May & Baker Nigeria,B3,2030-03-23
SKU00151,Aluminium Hydroxide,General Medicine,10mg,Tablet,May & Baker,9644,11824.3,736,90,BT466749,Evans Medical,C2,2027-09-29
SKU00152,Hydrocortisone,Corticosteroid,4mg,Tablet,GSK,13654,21731.04,271,100,BT274118,Drugfield Pharmaceuticals,B2,2029-09-18
SKU00153,Rivaroxaban,Anticoagulant,20mg,Injection,Neimeth,15481,23969.31,564,62,BT339308,Emzor Pharmaceuticals,C3,2028-11-11
SKU00154,Valacyclovir,Antiviral,400mg,Tablet,Juhel,12794,17123.55,668,26,BT107151,Swiss Pharma Nigeria,A3,2029-08-11
SKU00155,Metformin,Antidiabetic,1000mg,Injection,Emzor,15594,18226.22,197,50,BT517777,Drugfield Pharmaceuticals,B3,2028-12-14
SKU00156,Paracetamol,Analgesic,1000mg,Injection,Swiss Pharma,12006,17245.98,989,81,BT146439,May & Baker Nigeria,C1,2028-01-18
SKU00157,Sertraline,Psychiatric,5mg,Tablet,Drugfield,7805,12052.53,678,34,BT217487,Swiss Pharma Nigeria,B1,2029-01-04
SKU00158,Ibuprofen,NSAID,500mg,Tablet,Pfizer,13221,16343.04,265,65,BT108209,Fidson Healthcare,A1,2027-03-03
SKU00159,Haloperidol,Psychiatric,25mg,Tablet,Juhel,12887,17954.57,554,75,BT803151,Swiss Pharma Nigeria,D2,2027-12-19
SKU00160,Methotrexate,General Medicine,50mg,Capsule,May & Baker,12338,18481.09,315,87,BT567406,Fidson Healthcare,B2,2027-08-18
SKU00161,Dexamethasone,Corticosteroid,40mg,Tablet,Swiss Pharma,1744,2740.7,156,99,BT994799,Evans Medical,C3,2026-12-15
SKU00162,Chlorpromazine,Psychiatric,50mg,Tablet,Fidson,15509,19454.38,109,38,BT848532,Fidson Healthcare,D3,2027-08-03
SKU00163,Lisinopril,Antihypertensive,100mg,Tablet,Fidson,5086,6813.1,659,37,BT406828,Evans Medical,C1,2029-01-10
SKU00164,Itraconazole,Antifungal,150mg,Cream,Neimeth,4136,5120.89,453,94,BT373290,May & Baker Nigeria,B2,2027-09-15
SKU00165,Hydrocortisone,Corticosteroid,100mg,Injection,Evans,5247,8037.94,19,75,BT978303,May & Baker Nigeria,D1,2028-11-01
SKU00166,Methylprednisolone,Corticosteroid,100mg,Cream,Emzor,2798,3290.85,199,31,BT825789,Drugfield Pharmaceuticals,A2,2027-08-22
SKU00167,Apixaban,Anticoagulant,2.5mg,Tablet,May & Baker,19076,24376.92,175,98,BT295795,Swiss Pharma Nigeria,C1,2028-08-27
SKU00168,Terbutaline,Respiratory,200mcg,Tablet,Evans,3823,4653.69,429,29,BT412095,Swiss Pharma Nigeria,A3,2028-02-23
SKU00169,Apixaban,Anticoagulant,20mg,Injection,Pfizer,3855,5478.8,937,48,BT535191,May & Baker Nigeria,D3,2026-10-31
SKU00170,Quetiapine,Psychiatric,5mg,Tablet,Swiss Pharma,10515,16078.41,431,56,BT592784,Fidson Healthcare,A1,2029-02-17
SKU00171,Zinc Sulphate,General Medicine,10mg,Tablet,Fidson,1720,2458.77,479,70,BT620512,Evans Medical,A1,2029-09-20
SKU00172,Tadalafil,General Medicine,25mg,Capsule,GSK,1476,1766.57,901,88,BT335764,Swiss Pharma Nigeria,C3,2028-09-18
SKU00173,Naproxen,NSAID,50mg,Gel,Drugfield,3193,4541.57,351,20,BT100351,Fidson Healthcare,D2,2028-03-25
SKU00174,Olanzapine,Psychiatric,5mg,Tablet,Juhel,4672,5671.42,615,90,BT780464,Swiss Pharma Nigeria,D1,2029-05-24
SKU00175,Betamethasone,Corticosteroid,100mg,Tablet,Neimeth,16517,22087.73,47,45,BT567545,Drugfield Pharmaceuticals,B2,2029-10-23
SKU00176,Sodium Valproate,Antiepileptic,300mg,Capsule,Drugfield,16919,23687.19,2,21,BT682985,Swiss Pharma Nigeria,C1,2030-02-05
SKU00177,Isoniazid,Antibiotic,125mg,Capsule,Pfizer,13061,20756.39,440,37,BT897584,May & Baker Nigeria,B2,2028-12-08
SKU00178,Montelukast,Respiratory,4mg,Tablet,May & Baker,14659,19301.73,695,87,BT468086,Fidson Healthcare,A2,2029-03-17
SKU00179,Itraconazole,Antifungal,150mg,Cream,Juhel,3557,4973.27,472,31,BT686634,Fidson Healthcare,B2,2030-04-19
SKU00180,Spironolactone,Diuretic,40mg,Tablet,Pfizer,6024,8667.31,86,41,BT949525,Fidson Healthcare,C1,2030-05-31
SKU00181,Insulin Regular,Antidiabetic,850mg,Tablet,Swiss Pharma,17773,26021.92,904,50,BT289701,May & Baker Nigeria,C1,2028-07-27
SKU00182,Dapagliflozin,Antidiabetic,850mg,Injection,Pfizer,15827,20017.27,387,75,BT512128,Fidson Healthcare,A2,2027-08-08
SKU00183,Artemether,Antimalarial,200mg,Tablet,Fidson,3806,5646.85,670,93,BT823977,Fidson Healthcare,D1,2028-12-30
SKU00184,Piperacillin,Antibiotic,625mg,Injection,Juhel,6587,10278.29,178,31,BT865752,Fidson Healthcare,C3,2030-01-24
SKU00185,Ramipril,Antihypertensive,25mg,Tablet,Pfizer,6524,10318.01,741,89,BT850481,May & Baker Nigeria,A2,2028-04-21
SKU00186,Lumefantrine,Antimalarial,100mg,Tablet,Pfizer,11975,15005.87,592,23,BT235809,May & Baker Nigeria,D3,2027-07-14
SKU00187,Levodopa,General Medicine,10mg,Capsule,Drugfield,16407,20585.77,707,67,BT583748,Swiss Pharma Nigeria,A3,2028-06-14
SKU00188,Chlorpromazine,Psychiatric,50mg,Tablet,Swiss Pharma,15652,22199.26,140,66,BT129519,Emzor Pharmaceuticals,B1,2027-10-19
SKU00189,Empagliflozin,Antidiabetic,25mg,Tablet,Evans,3375,4181.65,762,31,BT251615,Emzor Pharmaceuticals,C3,2030-01-07
SKU00190,Acyclovir,Antiviral,500mg,Capsule,Emzor,12814,17258.1,605,83,BT647316,Evans Medical,C1,2027-05-25
SKU00191,Ipratropium,Respiratory,2mg,Tablet,Drugfield,9912,13534.96,503,81,BT360515,Evans Medical,B3,2027-07-21
SKU00192,Aluminium Hydroxide,General Medicine,25mg,Capsule,May & Baker,13217,20608.38,848,22,BT168822,Fidson Healthcare,A3,2028-02-14
SKU00193,Beclometasone,Respiratory,100mcg,Nebule,GSK,6907,8765.51,692,22,BT965342,Drugfield Pharmaceuticals,B2,2030-03-13
SKU00194,Olanzapine,Psychiatric,5mg,Tablet,Fidson,7270,11276.4,829,87,BT620182,Drugfield Pharmaceuticals,B3,2029-06-19
SKU00195,Sertraline,Psychiatric,5mg,Tablet,Emzor,18820,29798.38,5,49,BT695904,Fidson Healthcare,A2,2028-07-21
SKU00196,Citalopram,Psychiatric,50mg,Tablet,May & Baker,8868,14016.75,45,56,BT621620,Drugfield Pharmaceuticals,C1,2028-05-23
SKU00197,Clonazepam,Psychiatric,10mg,Tablet,May & Baker,5038,5795.43,421,70,BT724499,Evans Medical,D3,2030-02-01
SKU00198,Metronidazole,Antifungal,150mg,Capsule,Juhel,18777,22735.89,274,67,BT271257,May & Baker Nigeria,D3,2029-06-12
SKU00199,Pilocarpine,General Medicine,25mg,Tablet,Evans,18957,23374.72,837,91,BT477038,Emzor Pharmaceuticals,D2,2027-09-05
SKU00200,Propranolol,Antihypertensive,25mg,Tablet,Emzor,421,495.9,511,100,BT383077,Fidson Healthcare,A1,2030-04-13
SKU00201,Dabigatran,Anticoagulant,2.5mg,Tablet,Emzor,11825,15186.43,317,76,BT278712,Fidson Healthcare,B2,2028-09-04
SKU00202,Oxybutynin,General Medicine,10mg,Tablet,Drugfield,5467,6680.95,10,98,BT416560,Drugfield Pharmaceuticals,C3,2028-11-09
SKU00203,Diazepam,Psychiatric,25mg,Tablet,May & Baker,2588,3226.5,373,82,BT788053,Evans Medical,D1,2028-03-26
SKU00204,Topiramate,Antiepileptic,500mg,Tablet,Fidson,3974,5721.19,715,79,BT734673,Emzor Pharmaceuticals,D3,2029-02-09
SKU00205,Quetiapine,Psychiatric,10mg,Tablet,Fidson,19803,24310.43,997,61,BT864849,Emzor Pharmaceuticals,A3,2028-09-05
SKU00206,Ketoconazole,Antifungal,100mg,Tablet,Pfizer,17056,25160.59,555,57,BT398968,Evans Medical,C1,2030-07-10
SKU00207,Lorazepam,Psychiatric,5mg,Tablet,Neimeth,18749,29706.26,677,75,BT504839,Fidson Healthcare,D3,2030-07-04
SKU00208,Clonazepam,Psychiatric,100mg,Tablet,Swiss Pharma,11072,13361.7,789,46,BT282588,Fidson Healthcare,C3,2029-09-19
SKU00209,Diphenhydramine,Antihistamine,10mg,Tablet,Evans,18426,25395.5,971,100,BT526143,Drugfield Pharmaceuticals,C2,2028-07-20
SKU00210,Chloroquine,Antimalarial,200mg,Tablet,Evans,18465,24474.26,199,77,BT244458,Swiss Pharma Nigeria,D1,2029-01-02
SKU00211,Levothyroxine,General Medicine,10mg,Tablet,Evans,17978,26715.25,110,29,BT940403,Fidson Healthcare,D3,2029-08-08
SKU00212,Quinine,Antimalarial,200mg,Tablet,GSK,6207,8849.96,155,66,BT951542,Swiss Pharma Nigeria,B1,2026-11-03
SKU00213,Cyclosporine,General Medicine,100mg,Capsule,Juhel,19805,25726.76,953,39,BT713230,Swiss Pharma Nigeria,B2,2027-06-10
SKU00214,Phenytoin,Antiepileptic,500mg,Capsule,Drugfield,18074,28060.08,87,52,BT678464,Evans Medical,B1,2029-05-23
SKU00215,Gliclazide,Antidiabetic,500mg,Injection,Evans,13106,16387.36,788,24,BT896011,Evans Medical,C1,2027-11-12
SKU00216,Celecoxib,NSAID,200mg,Tablet,Fidson,11022,16483.88,606,92,BT103359,Swiss Pharma Nigeria,B1,2030-06-17
SKU00217,Rivastigmine,General Medicine,10mg,Capsule,Pfizer,15945,23848.87,327,21,BT689742,Drugfield Pharmaceuticals,A2,2029-02-18
SKU00218,Magnesium Sulphate,General Medicine,50mg,Capsule,Drugfield,5687,7320.99,713,79,BT156054,Drugfield Pharmaceuticals,D2,2026-11-21
SKU00219,Losartan,Antihypertensive,10mg,Tablet,Evans,13979,18007.76,216,61,BT361020,Evans Medical,A1,2028-11-03
SKU00220,Dabigatran,Anticoagulant,20mg,Tablet,Drugfield,19246,27451.46,998,23,BT758291,Drugfield Pharmaceuticals,B1,2027-07-13
SKU00221,Terbutaline,Respiratory,2mg,Inhaler,Drugfield,6240,9568.23,663,31,BT840865,Evans Medical,A1,2027-05-16
SKU00222,Clarithromycin,Antibiotic,625mg,Injection,Emzor,12809,15144.95,602,40,BT814483,Swiss Pharma Nigeria,C3,2028-03-27
SKU00223,Venlafaxine,Psychiatric,10mg,Tablet,May & Baker,4212,6511.79,830,57,BT898982,May & Baker Nigeria,C3,2029-06-21
SKU00224,Morphine,Analgesic,650mg,Tablet,Neimeth,5310,6528.03,854,91,BT734674,Evans Medical,D3,2026-10-18
SKU00225,Gabapentin,Antiepileptic,200mg,Tablet,Pfizer,10604,16655.35,542,60,BT681297,Evans Medical,C1,2030-05-05
SKU00226,Atorvastatin,Statin,80mg,Tablet,Fidson,10179,12910.69,159,22,BT499649,Emzor Pharmaceuticals,D1,2029-08-25
SKU00227,Budesonide,Respiratory,2mg,Inhaler,Emzor,9118,13215.64,50,43,BT504361,Swiss Pharma Nigeria,B3,2027-01-29
SKU00228,Magnesium Hydroxide,General Medicine,25mg,Capsule,Evans,19420,24082.34,445,46,BT201619,Swiss Pharma Nigeria,D3,2028-06-26
SKU00229,Levodopa,General Medicine,50mg,Capsule,Pfizer,12524,16496.78,704,54,BT879488,Emzor Pharmaceuticals,B1,2030-05-31
SKU00230,Spironolactone,Diuretic,40mg,Tablet,Evans,14202,19363.39,826,24,BT703714,May & Baker Nigeria,D2,2028-10-21
SKU00231,Escitalopram,Psychiatric,100mg,Tablet,Juhel,5260,8193.29,591,50,BT984353,Evans Medical,D1,2028-10-16
SKU00232,Cefixime,Antibiotic,250mg,Suspension,Emzor,5839,7147.72,854,68,BT787716,Swiss Pharma Nigeria,A1,2029-06-08
SKU00233,Methyldopa,Antihypertensive,25mg,Tablet,Juhel,9611,11480.35,257,83,BT534744,Emzor Pharmaceuticals,C1,2028-07-11
SKU00234,Moxifloxacin,Antibiotic,1g,Suspension,Emzor,113,139.03,149,34,BT795393,Evans Medical,B3,2028-06-05
SKU00235,Imipenem,Antibiotic,1g,Tablet,Juhel,3173,4292.26,155,29,BT281269,Emzor Pharmaceuticals,B1,2029-08-24
SKU00236,Prednisolone,Corticosteroid,20mg,Cream,Drugfield,14884,20262.8,900,35,BT368775,May & Baker Nigeria,C2,2028-03-02
SKU00237,Levetiracetam,Antiepileptic,300mg,Capsule,Juhel,6757,8357.66,647,94,BT687023,Drugfield Pharmaceuticals,A2,2027-11-01
SKU00238,Valacyclovir,Antiviral,800mg,Capsule,Emzor,17015,21013.19,859,53,BT976531,Drugfield Pharmaceuticals,B2,2028-07-18
SKU00239,Methyldopa,Antihypertensive,10mg,Tablet,Juhel,3157,3694.47,361,73,BT196366,Swiss Pharma Nigeria,C3,2029-02-27
SKU00240,Meloxicam,NSAID,100mg,Tablet,Juhel,7630,11960.91,636,33,BT412773,Fidson Healthcare,B3,2030-06-13
SKU00241,Atorvastatin,Statin,20mg,Tablet,Emzor,11122,15815.15,397,73,BT554054,Drugfield Pharmaceuticals,B2,2030-06-27
SKU00242,Amlodipine,Antihypertensive,5mg,Tablet,Fidson,2843,4409.27,274,76,BT579104,May & Baker Nigeria,A1,2030-05-26
SKU00243,Vitamin D3,General Medicine,25mg,Capsule,GSK,12964,20189.34,681,24,BT214599,Swiss Pharma Nigeria,C1,2028-05-22
SKU00244,Bisoprolol,Antihypertensive,5mg,Tablet,Neimeth,2548,3525.87,172,30,BT821990,Drugfield Pharmaceuticals,C3,2028-07-10
SKU00245,Isoniazid,Antibiotic,250mg,Injection,May & Baker,12389,18600.59,509,70,BT330953,May & Baker Nigeria,C1,2027-01-30
SKU00246,Rifampicin,Antibiotic,625mg,Tablet,May & Baker,8741,12813.59,710,46,BT679243,Evans Medical,D3,2029-01-07
SKU00247,Levodopa,General Medicine,10mg,Capsule,Neimeth,14567,23010.71,580,36,BT521221,Swiss Pharma Nigeria,D1,2027-05-24
SKU00248,Tranexamic Acid,General Medicine,100mg,Capsule,Swiss Pharma,6026,8237.03,863,60,BT396791,Evans Medical,B3,2029-06-20
SKU00249,Rifampicin,Antibiotic,625mg,Tablet,Evans,17585,24423.64,962,77,BT494290,Evans Medical,C1,2029-10-15
SKU00250,Quinine,Antimalarial,100mg,Injection,Drugfield,1657,2176.07,396,91,BT671761,Emzor Pharmaceuticals,D2,2030-03-29
SKU00251,Praziquantel,General Medicine,100mg,Capsule,Emzor,3534,5268.33,958,34,BT452276,Emzor Pharmaceuticals,B3,2027-10-18
SKU00252,Mebendazole,Antifungal,150mg,Tablet,Fidson,12124,17170.4,588,96,BT497829,Swiss Pharma Nigeria,D1,2027-11-01
SKU00253,Rifampicin,Antibiotic,250mg,Injection,Drugfield,2060,2791.73,928,52,BT539394,Evans Medical,B2,2027-12-06
SKU00254,Pramipexole,General Medicine,25mg,Capsule,Juhel,18510,26913.93,513,96,BT605646,Fidson Healthcare,A1,2027-12-05
SKU00255,Metformin,Antidiabetic,10mg,Injection,Evans,1251,1563.91,364,99,BT689502,Emzor Pharmaceuticals,D1,2028-06-04
SKU00256,Sodium Valproate,Antiepileptic,300mg,Tablet,Neimeth,6128,7925.29,649,62,BT966292,Fidson Healthcare,D2,2028-05-09
SKU00257,Magnesium Hydroxide,General Medicine,50mg,Capsule,Drugfield,7011,10447.6,489,21,BT394850,Swiss Pharma Nigeria,A2,2030-06-09
SKU00258,Empagliflozin,Antidiabetic,10mg,Tablet,Fidson,9505,13824.59,134,28,BT516434,Fidson Healthcare,A3,2029-06-19
SKU00259,Esomeprazole,Antifungal,150mg,Capsule,Evans,13329,16722.53,301,30,BT285371,Emzor Pharmaceuticals,A2,2027-08-05
SKU00260,Dorzolamide,General Medicine,100mg,Capsule,Evans,3544,4793.9,512,88,BT400533,Emzor Pharmaceuticals,D3,2027-03-20
SKU00261,Calcium Carbonate,General Medicine,25mg,Capsule,GSK,4930,5727.01,724,67,BT230328,Evans Medical,A1,2028-01-07
SKU00262,Acyclovir,Antiviral,400mg,Tablet,GSK,13978,17286.67,380,22,BT677622,May & Baker Nigeria,B2,2027-06-19
SKU00263,Vitamin B Complex,General Medicine,10mg,Capsule,Drugfield,11667,16797.29,598,42,BT577065,Drugfield Pharmaceuticals,B2,2030-04-15
SKU00264,Acyclovir,Antiviral,500mg,Tablet,GSK,9828,12104.32,719,65,BT112593,Emzor Pharmaceuticals,B2,2028-09-14
SKU00265,Tamsulosin,General Medicine,5mg,Tablet,Fidson,15675,19556.01,764,56,BT905105,May & Baker Nigeria,D1,2027-04-13
SKU00266,Beclometasone,Respiratory,100mcg,Tablet,Juhel,8493,10398.32,100,98,BT217825,Fidson Healthcare,A3,2028-05-13
SKU00267,Allopurinol,General Medicine,100mg,Capsule,Swiss Pharma,12052,13957.06,441,67,BT166219,Fidson Healthcare,A1,2028-11-25
SKU00268,Artemether,Antimalarial,20/120mg,Injection,Swiss Pharma,1651,2067.83,367,29,BT350965,May & Baker Nigeria,D2,2026-11-10
SKU00269,Domperidone,General Medicine,10mg,Capsule,Neimeth,12648,17973.26,292,56,BT245614,Swiss Pharma Nigeria,A3,2029-01-25
SKU00270,Chlorpheniramine,Antihistamine,180mg,Syrup,Drugfield,12451,18674.62,532,52,BT944555,May & Baker Nigeria,C1,2028-06-07
SKU00271,Quinine,Antimalarial,50mg,Tablet,GSK,1487,2239.12,936,60,BT580793,Fidson Healthcare,D3,2028-02-09
SKU00272,Methotrexate,General Medicine,100mg,Capsule,Neimeth,4584,6804.55,461,55,BT171052,Drugfield Pharmaceuticals,C3,2027-07-09
SKU00273,Sulfadoxine,Antimalarial,20/120mg,Tablet,Emzor,11480,15822.85,182,34,BT785090,May & Baker Nigeria,C1,2028-05-11
SKU00274,Moxifloxacin,Antibiotic,125mg,Tablet,Drugfield,4993,6794.66,617,65,BT259154,May & Baker Nigeria,A2,2029-12-09
SKU00275,Ipratropium,Respiratory,2mg,Nebule,Emzor,9148,11306.93,614,24,BT771905,Evans Medical,A2,2028-09-07
SKU00276,Olanzapine,Psychiatric,25mg,Tablet,GSK,6832,9355.49,998,100,BT342109,Fidson Healthcare,B3,2030-01-12
SKU00277,Doxycycline,Antibiotic,625mg,Suspension,Pfizer,4304,5427.98,281,66,BT380732,Evans Medical,B3,2028-04-28
SKU00278,Ibuprofen,NSAID,200mg,Capsule,May & Baker,2220,3012.68,843,31,BT329489,May & Baker Nigeria,C2,2027-07-02
SKU00279,Chlorpromazine,Psychiatric,50mg,Tablet,Drugfield,7584,11491.2,329,94,BT921306,Swiss Pharma Nigeria,D2,2029-10-20
SKU00280,Budesonide,Respiratory,4mg,Nebule,GSK,19578,30854.88,742,68,BT355621,Drugfield Pharmaceuticals,B1,2028-04-08
SKU00281,Ferrous Sulphate,General Medicine,5mg,Capsule,Emzor,4986,7608.63,525,85,BT549697,Swiss Pharma Nigeria,D2,2028-01-18
SKU00282,Ondansetron,General Medicine,5mg,Capsule,Juhel,12527,15639.88,390,64,BT605505,Swiss Pharma Nigeria,D2,2027-04-17
SKU00283,Carbimazole,Antifungal,500mg,Cream,Drugfield,1070,1446.69,391,87,BT416658,Drugfield Pharmaceuticals,B1,2029-11-20
SKU00284,Diclofenac,NSAID,200mg,Gel,Neimeth,19985,28843.73,372,73,BT378495,Emzor Pharmaceuticals,C3,2030-06-17
SKU00285,Vitamin B Complex,General Medicine,50mg,Tablet,Drugfield,673,800.76,933,96,BT110913,Swiss Pharma Nigeria,B3,2026-10-31
SKU00286,Doxycycline,Antibiotic,125mg,Capsule,Evans,5670,7487.26,748,36,BT393141,Drugfield Pharmaceuticals,B3,2027-07-11
SKU00287,Linezolid,Antibiotic,500mg,Tablet,Fidson,8979,11440.95,813,49,BT902964,Fidson Healthcare,C1,2027-02-06
SKU00288,Artesunate,Antimalarial,20/120mg,Injection,GSK,17958,22766.11,79,24,BT632013,Emzor Pharmaceuticals,D1,2028-01-12
SKU00289,Gliclazide,Antidiabetic,10mg,Injection,May & Baker,16728,25284.41,282,97,BT388397,Evans Medical,D1,2028-09-20
SKU00290,Fexofenadine,Antihistamine,120mg,Syrup,Emzor,9942,15682.92,792,86,BT548827,Emzor Pharmaceuticals,A2,2027-03-26
SKU00291,Ampicillin,Antibiotic,1g,Suspension,Juhel,9453,11951.16,507,86,BT779120,May & Baker Nigeria,C3,2027-09-13
SKU00292,Venlafaxine,Psychiatric,50mg,Tablet,Drugfield,3795,4811.26,565,81,BT578956,Swiss Pharma Nigeria,D1,2030-02-08
SKU00293,Ramipril,Antihypertensive,25mg,Tablet,Drugfield,19142,23499.33,821,42,BT441409,Swiss Pharma Nigeria,A2,2029-10-27
SKU00294,Sulfasalazine,General Medicine,50mg,Capsule,Neimeth,4193,6294.32,737,38,BT180834,Swiss Pharma Nigeria,C1,2029-08-25
SKU00295,Moxifloxacin,Antibiotic,625mg,Capsule,Pfizer,138,206.94,323,63,BT889568,Evans Medical,A3,2029-02-15
SKU00296,Tamsulosin,General Medicine,10mg,Tablet,May & Baker,19666,27831.65,950,30,BT115121,Fidson Healthcare,A1,2028-06-11
SKU00297,Morphine,Analgesic,650mg,Tablet,Evans,4126,5555.41,513,21,BT113881,Drugfield Pharmaceuticals,C3,2028-06-18
SKU00298,Enoxaparin,Anticoagulant,5mg,Tablet,Drugfield,12543,19440.91,763,79,BT906457,Swiss Pharma Nigeria,C1,2029-02-26
SKU00299,Nitroglycerin,General Medicine,50mg,Tablet,GSK,1473,1711.63,633,97,BT963105,Drugfield Pharmaceuticals,D2,2028-08-07
SKU00300,Sulfasalazine,General Medicine,10mg,Tablet,May & Baker,3687,5662.44,447,82,BT157174,Evans Medical,A2,2028-03-27
SKU00301,Quinine,Antimalarial,20/120mg,Tablet,Swiss Pharma,13310,17689.53,586,28,BT753027,May & Baker Nigeria,B1,2027-10-15
SKU00302,Hydroxychloroquine,Antimalarial,50mg,Injection,Emzor,14910,18396.14,902,68,BT518845,Evans Medical,C3,2028-07-25
SKU00303,Sodium Valproate,Antiepileptic,300mg,Tablet,Drugfield,9487,12032.76,265,28,BT426026,Evans Medical,A2,2029-05-07
SKU00304,Tetracycline,Antibiotic,125mg,Tablet,Evans,3036,4697.01,14,88,BT943607,Drugfield Pharmaceuticals,A2,2027-08-06
SKU00305,Budesonide,Respiratory,2mg,Nebule,Emzor,3055,4580.25,71,47,BT121833,Fidson Healthcare,D3,2028-09-20
SKU00306,Pioglitazone,Antidiabetic,25mg,Tablet,Emzor,9812,14460.86,71,87,BT172470,Emzor Pharmaceuticals,C3,2030-03-02
SKU00307,Insulin Glargine,Antidiabetic,1000mg,Tablet,Emzor,11610,18498.04,958,72,BT647844,Drugfield Pharmaceuticals,C2,2029-11-29
SKU00308,Sertraline,Psychiatric,25mg,Tablet,Neimeth,6598,7814.17,878,68,BT275780,Swiss Pharma Nigeria,A3,2030-04-11
SKU00309,Nitrofurantoin,General Medicine,50mg,Tablet,Drugfield,15037,23100.23,109,54,BT831695,Drugfield Pharmaceuticals,B2,2029-11-12
SKU00310,Fluoxetine,Psychiatric,50mg,Tablet,Pfizer,4981,7680.41,779,71,BT981314,Emzor Pharmaceuticals,A3,2027-07-11
SKU00311,Aluminium Hydroxide,General Medicine,100mg,Tablet,Fidson,18628,23709.46,610,20,BT857425,Swiss Pharma Nigeria,C2,2029-02-19
SKU00312,Ibuprofen,NSAID,200mg,Gel,May & Baker,8631,10158.62,311,65,BT211878,Swiss Pharma Nigeria,D1,2029-06-20
SKU00313,Albendazole,Antifungal,100mg,Tablet,GSK,11747,17161.16,726,89,BT864185,Drugfield Pharmaceuticals,B3,2028-01-06
SKU00314,Ferrous Sulphate,General Medicine,10mg,Tablet,Swiss Pharma,7325,10457.43,991,72,BT663475,Drugfield Pharmaceuticals,A1,2029-12-24
SKU00315,Tranexamic Acid,General Medicine,50mg,Capsule,May & Baker,18459,25831.36,516,30,BT215218,Evans Medical,B3,2028-10-14
SKU00316,Amoxicillin,Antibiotic,1g,Tablet,GSK,11145,13145.93,792,81,BT247082,Emzor Pharmaceuticals,A2,2028-10-27
SKU00317,Erythromycin,Antibiotic,625mg,Capsule,May & Baker,3384,4827.2,795,88,BT636059,Fidson Healthcare,B1,2029-11-12
SKU00318,Linezolid,Antibiotic,500mg,Injection,Evans,16498,26161.63,492,24,BT380985,Swiss Pharma Nigeria,D3,2027-02-26
SKU00319,Celecoxib,NSAID,50mg,Gel,Drugfield,17050,20761.95,706,91,BT420405,May & Baker Nigeria,C3,2027-04-17
SKU00320,Ibuprofen,NSAID,500mg,Gel,Pfizer,2247,2762.22,536,30,BT557464,Fidson Healthcare,C2,2029-03-27
SKU00321,Donepezil,General Medicine,100mg,Tablet,Neimeth,2451,3578.02,379,94,BT213398,Emzor Pharmaceuticals,C2,2028-10-23
SKU00322,Pilocarpine,General Medicine,5mg,Tablet,Fidson,14899,20571.48,299,91,BT691801,Swiss Pharma Nigeria,B3,2029-08-27
SKU00323,Cimetidine,General Medicine,5mg,Capsule,Drugfield,18268,22333.13,67,71,BT277874,Emzor Pharmaceuticals,C2,2027-12-30
SKU00324,Insulin Regular,Antidiabetic,25mg,Tablet,GSK,1156,1542.5,325,42,BT788836,Drugfield Pharmaceuticals,D1,2030-02-26
SKU00325,Clopidogrel,Anticoagulant,2.5mg,Injection,Neimeth,18790,27317.44,768,85,BT979901,Emzor Pharmaceuticals,D1,2028-09-20
SKU00326,Oseltamivir,Antiviral,500mg,Tablet,Juhel,1080,1311.82,123,98,BT359976,Emzor Pharmaceuticals,A1,2029-07-14
SKU00327,Citalopram,Psychiatric,50mg,Tablet,Emzor,7169,9523.75,393,72,BT808560,Drugfield Pharmaceuticals,B2,2029-07-13
SKU00328,Ferrous Sulphate,General Medicine,100mg,Capsule,Pfizer,5702,8941.61,716,57,BT776375,Emzor Pharmaceuticals,C2,2029-06-18
SKU00329,Meropenem,Antibiotic,500mg,Tablet,GSK,763,1125.11,773,55,BT400231,Swiss Pharma Nigeria,A1,2028-09-14
SKU00330,Tazobactam,Antibiotic,250mg,Tablet,Neimeth,10427,16022.45,214,25,BT653800,Drugfield Pharmaceuticals,B2,2028-02-26
SKU00331,Artesunate,Antimalarial,50mg,Tablet,Evans,4068,5888.28,475,54,BT127710,Emzor Pharmaceuticals,A2,2029-04-21
SKU00332,Sildenafil,General Medicine,25mg,Tablet,Swiss Pharma,13435,19165.09,990,20,BT134559,Fidson Healthcare,B3,2028-10-24
SKU00333,Atorvastatin,Statin,40mg,Tablet,Neimeth,16963,21351.05,550,48,BT524514,Evans Medical,A2,2029-06-02
SKU00334,Cloxacillin,Antibiotic,625mg,Injection,GSK,1280,1657.58,328,33,BT236543,Drugfield Pharmaceuticals,A3,2028-07-31
SKU00335,Rosuvastatin,Statin,40mg,Tablet,Drugfield,14835,23298.64,985,26,BT660441,May & Baker Nigeria,D2,2028-03-19
SKU00336,Warfarin,Anticoagulant,20mg,Tablet,Pfizer,18559,27790.55,417,94,BT997225,Emzor Pharmaceuticals,C3,2026-10-23
SKU00337,Colchicine,General Medicine,5mg,Capsule,Evans,6111,7790.04,302,89,BT619068,Swiss Pharma Nigeria,B1,2030-04-19
SKU00338,Empagliflozin,Antidiabetic,500mg,Injection,Neimeth,10600,12748.77,878,68,BT622440,Drugfield Pharmaceuticals,B2,2027-03-21
SKU00339,Diphenhydramine,Antihistamine,10mg,Tablet,Evans,16863,26542.99,133,40,BT512102,Fidson Healthcare,D2,2028-03-07
SKU00340,Tamsulosin,General Medicine,5mg,Tablet,May & Baker,14857,19471.39,746,38,BT100227,Emzor Pharmaceuticals,B1,2030-05-28
SKU00341,Hydralazine,Antihypertensive,100mg,Tablet,Drugfield,3148,4373.97,1000,85,BT301077,Fidson Healthcare,A3,2026-11-23
SKU00342,Beclometasone,Respiratory,100mcg,Inhaler,Fidson,17210,21728.7,929,88,BT102779,May & Baker Nigeria,B3,2029-08-27
SKU00343,Ferrous Sulphate,General Medicine,5mg,Tablet,Neimeth,8698,13857.45,295,58,BT561488,Emzor Pharmaceuticals,B2,2027-11-12
SKU00344,Tacrolimus,General Medicine,100mg,Tablet,May & Baker,19548,26843.47,891,66,BT721172,Swiss Pharma Nigeria,B1,2029-11-01
SKU00345,Nystatin,Statin,40mg,Tablet,May & Baker,7611,11440.33,653,97,BT464421,Emzor Pharmaceuticals,D1,2027-06-26
SKU00346,Atenolol,Antihypertensive,10mg,Tablet,Emzor,11127,15477.39,782,96,BT225002,May & Baker Nigeria,C3,2028-05-30
SKU00347,Amoxicillin,Antibiotic,1g,Injection,Drugfield,3566,5394.48,636,36,BT809198,Emzor Pharmaceuticals,A2,2028-01-05
SKU00348,Meropenem,Antibiotic,250mg,Capsule,Swiss Pharma,3427,5009.44,384,84,BT961128,Drugfield Pharmaceuticals,D3,2030-04-24
SKU00349,Hydralazine,Antihypertensive,100mg,Tablet,Fidson,13605,21388.79,965,44,BT464344,Drugfield Pharmaceuticals,C1,2029-03-04
SKU00350,Ceftriaxone,Antibiotic,125mg,Tablet,Pfizer,1118,1624.55,272,64,BT693828,Emzor Pharmaceuticals,D1,2030-01-18
SKU00351,Lamotrigine,Antiepileptic,300mg,Tablet,Emzor,17292,21702.79,480,76,BT818071,May & Baker Nigeria,D1,2028-12-12
SKU00352,Gentamicin,General Medicine,50mg,Tablet,Evans,13215,18909.81,295,22,BT277680,Fidson Healthcare,B3,2028-03-22
SKU00353,Finasteride,General Medicine,5mg,Tablet,Juhel,5592,6810.51,40,63,BT651175,Drugfield Pharmaceuticals,D1,2030-05-24
SKU00354,Mebendazole,Antifungal,200mg,Cream,Emzor,2027,3035.92,496,75,BT878312,May & Baker Nigeria,D1,2026-11-17
SKU00355,Amoxicillin,Antibiotic,1g,Suspension,GSK,3971,5467.94,773,36,BT411385,Emzor Pharmaceuticals,A2,2028-11-28
SKU00356,Meropenem,Antibiotic,1g,Suspension,GSK,11530,16320.62,874,21,BT261642,Emzor Pharmaceuticals,D3,2028-08-30
SKU00357,Pyrimethamine,Antimalarial,200mg,Injection,Pfizer,10845,13513.61,593,59,BT579030,Drugfield Pharmaceuticals,B3,2029-03-14
SKU00358,Cimetidine,General Medicine,5mg,Capsule,Evans,18532,23754.69,174,35,BT932126,Evans Medical,B2,2027-11-18
SKU00359,Pyrazinamide,Antibiotic,625mg,Suspension,Evans,16722,22525.07,480,27,BT627436,Drugfield Pharmaceuticals,C3,2029-09-05
SKU00360,Carbamazepine,Antiepileptic,300mg,Tablet,May & Baker,18706,23242.87,252,24,BT482208,May & Baker Nigeria,B3,2028-07-30
SKU00361,Tadalafil,General Medicine,50mg,Tablet,Neimeth,14464,22629.94,45,49,BT275786,Emzor Pharmaceuticals,A2,2027-01-19
SKU00362,Azathioprine,General Medicine,100mg,Capsule,Swiss Pharma,1847,2199.33,55,71,BT807873,Drugfield Pharmaceuticals,C3,2027-06-15
SKU00363,Ketoconazole,Antifungal,500mg,Capsule,Evans,11880,14550.61,420,90,BT486939,Fidson Healthcare,A2,2027-12-27
SKU00364,Methyldopa,Antihypertensive,10mg,Tablet,Evans,1740,2589.1,632,90,BT683454,Emzor Pharmaceuticals,C2,2030-03-23
SKU00365,Rifampicin,Antibiotic,125mg,Tablet,Neimeth,17176,21739.02,297,46,BT712715,May & Baker Nigeria,B3,2028-07-31
SKU00366,Nitroglycerin,General Medicine,50mg,Tablet,Emzor,18341,28447.59,632,79,BT320142,Fidson Healthcare,D1,2027-05-01
SKU00367,Ibuprofen,NSAID,50mg,Tablet,Drugfield,3556,4154.09,742,58,BT106392,Emzor Pharmaceuticals,C3,2028-02-09
SKU00368,Levodopa,General Medicine,100mg,Capsule,Juhel,13361,19663.53,411,86,BT446579,Swiss Pharma Nigeria,B2,2028-04-15
SKU00369,Praziquantel,General Medicine,25mg,Capsule,Neimeth,1263,1976.16,389,38,BT634053,Swiss Pharma Nigeria,B2,2029-06-16
SKU00370,Praziquantel,General Medicine,50mg,Tablet,Pfizer,1642,2016.2,662,29,BT277183,Fidson Healthcare,C1,2029-08-26
SKU00371,Diltiazem,Antihypertensive,100mg,Tablet,Evans,9920,12355.05,449,36,BT130956,Evans Medical,D1,2030-02-03
SKU00372,Haloperidol,Psychiatric,25mg,Tablet,Neimeth,10506,12307.61,6,72,BT225344,Swiss Pharma Nigeria,C1,2029-01-21
SKU00373,Esomeprazole,Antifungal,200mg,Cream,Swiss Pharma,7890,10157.64,825,62,BT848070,Drugfield Pharmaceuticals,B1,2028-03-25
SKU00374,Montelukast,Respiratory,4mg,Nebule,Juhel,1876,2206.09,24,70,BT823639,Fidson Healthcare,A1,2028-09-19
SKU00375,Prednisolone,Corticosteroid,4mg,Tablet,Emzor,16337,22537.25,976,55,BT508086,Emzor Pharmaceuticals,A2,2030-04-17
SKU00376,Budesonide,Respiratory,4mg,Nebule,Swiss Pharma,2050,3080.84,326,42,BT274738,Evans Medical,D1,2030-01-15
SKU00377,Quetiapine,Psychiatric,10mg,Tablet,Emzor,13337,19133.95,226,21,BT147706,Drugfield Pharmaceuticals,A2,2030-04-23
SKU00378,Salbutamol,Respiratory,100mcg,Tablet,Neimeth,1429,1904.61,819,22,BT711109,Fidson Healthcare,C3,2027-09-28
SKU00379,Telmisartan,Antihypertensive,50mg,Tablet,Neimeth,10733,14156.85,559,54,BT862603,Drugfield Pharmaceuticals,A2,2027-05-06
SKU00380,Loperamide,General Medicine,10mg,Capsule,Drugfield,6560,10091.73,728,52,BT772726,Evans Medical,D2,2029-09-16
SKU00381,Meloxicam,NSAID,400mg,Tablet,Pfizer,11296,17732.6,394,41,BT600903,Evans Medical,A2,2027-03-29
SKU00382,Nitroglycerin,General Medicine,50mg,Tablet,Drugfield,17632,27329.15,635,57,BT621757,Emzor Pharmaceuticals,C2,2028-02-10
SKU00383,Cimetidine,General Medicine,100mg,Capsule,Emzor,12220,16892.65,436,65,BT854721,Evans Medical,B3,2026-10-16
SKU00384,Domperidone,General Medicine,10mg,Capsule,Emzor,9008,12366.68,408,89,BT116579,Drugfield Pharmaceuticals,C3,2027-04-12
SKU00385,Pyrazinamide,Antibiotic,500mg,Capsule,Emzor,19617,28540.62,559,87,BT151748,Emzor Pharmaceuticals,C1,2027-04-25
SKU00386,Methotrexate,General Medicine,100mg,Tablet,Emzor,15067,21395.87,671,35,BT231850,May & Baker Nigeria,A2,2028-05-31
SKU00387,Cloxacillin,Antibiotic,125mg,Tablet,Swiss Pharma,6788,9023.49,489,31,BT607560,Emzor Pharmaceuticals,D2,2027-11-16
SKU00388,Brimonidine,General Medicine,10mg,Tablet,Evans,17186,24298.37,890,84,BT251686,May & Baker Nigeria,B3,2028-01-28
SKU00389,Memantine,General Medicine,25mg,Capsule,May & Baker,6926,9136.26,250,51,BT637126,Drugfield Pharmaceuticals,C3,2027-01-12
SKU00390,Rivaroxaban,Anticoagulant,10mg,Injection,Juhel,8452,11306.77,233,37,BT588946,Swiss Pharma Nigeria,A2,2029-12-13
SKU00391,Rosuvastatin,Statin,40mg,Tablet,Juhel,17291,20545.47,613,80,BT623795,Fidson Healthcare,A1,2027-06-13
SKU00392,Lansoprazole,Antifungal,100mg,Capsule,Evans,925,1263.34,341,55,BT694665,Evans Medical,A2,2030-04-08
SKU00393,Pyrimethamine,Antimalarial,200mg,Tablet,Evans,11457,15759.05,250,20,BT850557,May & Baker Nigeria,A1,2027-03-15
SKU00394,Clarithromycin,Antibiotic,625mg,Capsule,Swiss Pharma,16552,20508.42,480,56,BT357249,Fidson Healthcare,C3,2029-08-24
SKU00395,Chlorpheniramine,Antihistamine,120mg,Syrup,Fidson,7940,9775.91,901,54,BT122850,Swiss Pharma Nigeria,C3,2028-04-07
SKU00396,Carbidopa,General Medicine,5mg,Capsule,Swiss Pharma,14248,17205.34,952,82,BT450643,May & Baker Nigeria,D3,2028-08-23
SKU00397,Hydroxychloroquine,Antimalarial,50mg,Injection,Drugfield,1236,1923.78,933,95,BT181025,May & Baker Nigeria,B1,2029-05-19
SKU00398,Bupropion,Psychiatric,100mg,Tablet,May & Baker,14670,21892.73,520,38,BT105764,Fidson Healthcare,A1,2029-09-26
SKU00399,Omeprazole,Antifungal,200mg,Tablet,Pfizer,668,927.53,102,21,BT547581,Fidson Healthcare,A1,2027-07-12
SKU00400,Empagliflozin,Antidiabetic,10mg,Injection,Juhel,2793,3851.5,185,85,BT850453,Evans Medical,C1,2028-10-04
SKU00401,Acyclovir,Antiviral,800mg,Capsule,Evans,10826,15962.92,466,77,BT162424,Swiss Pharma Nigeria,A3,2027-12-15
SKU00402,Beclometasone,Respiratory,100mcg,Inhaler,Drugfield,9020,10967.29,636,33,BT669764,Fidson Healthcare,A1,2030-05-09
SKU00403,Carbidopa,General Medicine,100mg,Tablet,Pfizer,1134,1589.54,545,58,BT968466,Evans Medical,D1,2026-11-27
SKU00404,Rosuvastatin,Statin,10mg,Tablet,Neimeth,14852,22371.85,291,64,BT110367,May & Baker Nigeria,A1,2029-04-29
SKU00405,Metronidazole,Antifungal,500mg,Cream,Emzor,6374,9765.51,350,75,BT665822,May & Baker Nigeria,C3,2027-12-19
SKU00406,Sulfasalazine,General Medicine,5mg,Tablet,GSK,1043,1360.04,906,24,BT631952,Drugfield Pharmaceuticals,B2,2029-11-06
SKU00407,Budesonide,Respiratory,100mcg,Inhaler,Evans,15121,17560.12,583,21,BT593559,May & Baker Nigeria,B1,2027-09-11
SKU00408,Cefuroxime,Antibiotic,250mg,Injection,May & Baker,4231,6513.98,990,33,BT495402,Drugfield Pharmaceuticals,C3,2027-11-21
SKU00409,Tamsulosin,General Medicine,10mg,Tablet,GSK,7078,9289.86,183,100,BT501410,May & Baker Nigeria,D3,2028-09-28
SKU00410,Dorzolamide,General Medicine,50mg,Tablet,Emzor,3275,3863.96,962,55,BT409326,May & Baker Nigeria,C3,2028-11-03
SKU00411,Esomeprazole,Antifungal,100mg,Tablet,Neimeth,7513,11042.57,196,95,BT174964,Emzor Pharmaceuticals,A2,2027-08-28
SKU00412,Propranolol,Antihypertensive,10mg,Tablet,Evans,2987,4641.98,415,20,BT762781,Fidson Healthcare,D1,2030-05-04
SKU00413,Mebendazole,Antifungal,100mg,Cream,GSK,14051,18800.9,601,49,BT168383,Emzor Pharmaceuticals,C2,2028-03-07
SKU00414,Vitamin C,General Medicine,25mg,Tablet,Pfizer,5364,8566.47,721,79,BT939335,Drugfield Pharmaceuticals,B1,2030-06-21
SKU00415,Albendazole,Antifungal,100mg,Tablet,Neimeth,7132,11272.77,603,35,BT600952,Swiss Pharma Nigeria,B2,2029-07-11
SKU00416,Lumefantrine,Antimalarial,20/120mg,Tablet,Evans,19668,31179.53,868,76,BT403469,Drugfield Pharmaceuticals,B2,2026-12-17
SKU00417,Oseltamivir,Antiviral,500mg,Tablet,Pfizer,2570,4111.35,898,40,BT506303,Evans Medical,B1,2028-08-31
SKU00418,Enoxaparin,Anticoagulant,2.5mg,Injection,Evans,14160,22236.97,914,69,BT125162,May & Baker Nigeria,C3,2028-06-01
SKU00419,Methotrexate,General Medicine,100mg,Tablet,Drugfield,13221,18265.64,634,39,BT230154,Emzor Pharmaceuticals,B2,2028-12-20
SKU00420,Fluoxetine,Psychiatric,25mg,Tablet,May & Baker,12453,17583.53,763,93,BT792914,Swiss Pharma Nigeria,B3,2029-09-21
SKU00421,Gliclazide,Antidiabetic,10mg,Injection,Fidson,10139,12101.01,629,61,BT762983,May & Baker Nigeria,C3,2029-10-13
SKU00422,Lisinopril,Antihypertensive,25mg,Tablet,Neimeth,884,1388.39,943,29,BT897474,May & Baker Nigeria,D1,2027-08-02
SKU00423,Piperacillin,Antibiotic,1g,Tablet,Swiss Pharma,13919,21063.27,290,95,BT833706,May & Baker Nigeria,B1,2029-02-04
SKU00424,Digoxin,General Medicine,100mg,Capsule,May & Baker,3622,4367.18,87,57,BT516934,May & Baker Nigeria,D3,2026-12-13
SKU00425,Cefixime,Antibiotic,250mg,Injection,Pfizer,8669,10066.72,196,59,BT457061,May & Baker Nigeria,A2,2028-05-14
SKU00426,Azathioprine,General Medicine,100mg,Capsule,Neimeth,6405,9534.76,314,48,BT849088,Fidson Healthcare,A2,2026-12-20
SKU00427,Rivastigmine,General Medicine,100mg,Capsule,May & Baker,1076,1314.86,509,38,BT578474,Drugfield Pharmaceuticals,D1,2030-05-03
SKU00428,Tinidazole,Antifungal,150mg,Tablet,Emzor,7587,11004.43,456,97,BT597398,Swiss Pharma Nigeria,A3,2030-05-02
SKU00429,Enoxaparin,Anticoagulant,2.5mg,Injection,Fidson,6601,9697.69,646,77,BT714112,Evans Medical,D1,2028-04-09
SKU00430,Budesonide,Respiratory,200mcg,Tablet,Juhel,12894,20542.1,171,44,BT550046,May & Baker Nigeria,D1,2027-08-24
SKU00431,Levothyroxine,General Medicine,25mg,Tablet,Fidson,10327,12588.99,849,49,BT928195,Swiss Pharma Nigeria,A3,2028-06-19
SKU00432,Vitamin C,General Medicine,25mg,Tablet,Juhel,15266,23808.16,112,47,BT540487,May & Baker Nigeria,C1,2028-08-28
SKU00433,Isoniazid,Antibiotic,625mg,Tablet,GSK,11692,14968.59,879,99,BT283991,Drugfield Pharmaceuticals,D3,2027-10-20
SKU00434,Esomeprazole,Antifungal,150mg,Cream,Swiss Pharma,14108,18180.88,244,86,BT912637,Evans Medical,A3,2028-12-26
SKU00435,Imipenem,Antibiotic,625mg,Injection,Fidson,4784,7036.41,130,82,BT896760,Fidson Healthcare,A3,2028-01-12
SKU00436,Apixaban,Anticoagulant,2.5mg,Tablet,Swiss Pharma,16701,25525.67,789,39,BT941100,Swiss Pharma Nigeria,A1,2028-12-07
SKU00437,Alprazolam,Psychiatric,50mg,Tablet,Juhel,8464,10270.68,549,78,BT249914,May & Baker Nigeria,B1,2029-02-07
SKU00438,Enoxaparin,Anticoagulant,40mg,Injection,Juhel,10388,15435.37,751,88,BT900736,Swiss Pharma Nigeria,C1,2028-06-11
SKU00439,Bisoprolol,Antihypertensive,2.5mg,Tablet,May & Baker,8154,11533.73,925,45,BT232775,Swiss Pharma Nigeria,D2,2027-07-08
SKU00440,Metronidazole,Antifungal,100mg,Tablet,Emzor,3991,6215.52,63,22,BT766758,Swiss Pharma Nigeria,B3,2029-08-31
SKU00441,Clarithromycin,Antibiotic,625mg,Suspension,Emzor,15227,20354.88,449,25,BT180883,Evans Medical,B1,2027-01-15
SKU00442,Dapagliflozin,Antidiabetic,500mg,Tablet,Drugfield,12447,16380.63,492,75,BT172403,Evans Medical,D1,2027-05-31
SKU00443,Linezolid,Antibiotic,625mg,Tablet,Juhel,13301,17895.85,438,37,BT342930,Drugfield Pharmaceuticals,B3,2028-06-02
SKU00444,Alprazolam,Psychiatric,100mg,Tablet,GSK,11261,17078.99,408,46,BT147382,Swiss Pharma Nigeria,D3,2027-06-17
SKU00445,Esomeprazole,Antifungal,150mg,Tablet,Juhel,11590,14877.41,752,49,BT837408,Drugfield Pharmaceuticals,C2,2029-05-31
SKU00446,Insulin Glargine,Antidiabetic,25mg,Injection,Fidson,2457,3740.82,145,90,BT643754,Swiss Pharma Nigeria,A3,2028-05-16
SKU00447,Codeine,Analgesic,1000mg,Tablet,Pfizer,10478,15953.1,918,90,BT259378,Drugfield Pharmaceuticals,A3,2028-06-12
SKU00448,Ethambutol,Antibiotic,250mg,Suspension,Neimeth,12447,17218.74,265,51,BT660513,Emzor Pharmaceuticals,A1,2027-04-13
SKU00449,Meropenem,Antibiotic,500mg,Injection,Drugfield,13901,17771.06,861,31,BT650595,Emzor Pharmaceuticals,A3,2029-04-01
SKU00450,Ciprofloxacin,Antibiotic,1g,Injection,Neimeth,5096,6225.64,793,50,BT177987,Fidson Healthcare,B1,2026-12-18
SKU00451,Escitalopram,Psychiatric,100mg,Tablet,Drugfield,16910,21756.7,869,46,BT525294,Emzor Pharmaceuticals,D3,2028-10-01
SKU00452,Clonazepam,Psychiatric,100mg,Tablet,Neimeth,10425,16125.65,119,28,BT439062,Fidson Healthcare,C1,2029-12-09
SKU00453,Dapagliflozin,Antidiabetic,1000mg,Injection,Drugfield,8629,12330.55,36,36,BT586628,Evans Medical,C1,2028-09-26
SKU00454,Mirtazapine,Psychiatric,10mg,Tablet,Swiss Pharma,5184,6241.04,653,72,BT129050,Evans Medical,A1,2028-05-04
SKU00455,Oxybutynin,General Medicine,25mg,Capsule,Pfizer,7560,10795.72,61,43,BT515991,Fidson Healthcare,C2,2030-06-26
SKU00456,Oxybutynin,General Medicine,25mg,Tablet,GSK,19469,26924.96,259,56,BT429873,Fidson Healthcare,B3,2028-05-28
SKU00457,Tamsulosin,General Medicine,50mg,Tablet,Drugfield,8053,12280.32,244,55,BT205165,Emzor Pharmaceuticals,C3,2027-10-15
SKU00458,Aluminium Hydroxide,General Medicine,100mg,Tablet,Neimeth,14284,20361.58,396,66,BT243767,Emzor Pharmaceuticals,D3,2028-05-08
SKU00459,Lansoprazole,Antifungal,500mg,Tablet,Emzor,3596,4643.26,946,87,BT743358,Fidson Healthcare,C1,2029-04-18
SKU00460,Pilocarpine,General Medicine,10mg,Tablet,May & Baker,1369,1650.39,317,30,BT955915,Emzor Pharmaceuticals,D1,2028-02-17
SKU00461,Terbutaline,Respiratory,4mg,Nebule,Emzor,1898,2533.47,76,57,BT226816,Evans Medical,D1,2029-11-13
SKU00462,Hydroxychloroquine,Antimalarial,200mg,Injection,Emzor,19061,28666.4,254,76,BT169096,Swiss Pharma Nigeria,A3,2030-04-12
SKU00463,Valsartan,Antihypertensive,50mg,Tablet,Juhel,18736,22878.27,655,54,BT158927,Fidson Healthcare,C3,2030-06-13
SKU00464,Ethambutol,Antibiotic,500mg,Suspension,Pfizer,4844,6124.15,990,76,BT948890,Drugfield Pharmaceuticals,A2,2030-04-11
SKU00465,Risperidone,Psychiatric,10mg,Tablet,Pfizer,19187,25948.92,425,29,BT768397,Drugfield Pharmaceuticals,B1,2029-07-31
SKU00466,Ethambutol,Antibiotic,500mg,Capsule,Drugfield,19881,30618.64,506,94,BT283811,May & Baker Nigeria,A3,2028-08-12
SKU00467,Linezolid,Antibiotic,250mg,Suspension,Drugfield,1208,1512.66,810,88,BT385153,Emzor Pharmaceuticals,C1,2029-04-20
SKU00468,Loratadine,Antihistamine,10mg,Syrup,Swiss Pharma,1614,1993.84,600,89,BT157782,Fidson Healthcare,B3,2028-06-15
SKU00469,Diazepam,Psychiatric,5mg,Tablet,Drugfield,9678,14349.18,543,56,BT777657,Drugfield Pharmaceuticals,D1,2027-06-24
SKU00470,Terbutaline,Respiratory,2mg,Tablet,Evans,9202,12980.3,824,40,BT504339,May & Baker Nigeria,B2,2030-03-20
SKU00471,Ketoconazole,Antifungal,100mg,Tablet,Pfizer,8749,13636.78,642,91,BT872381,Swiss Pharma Nigeria,D3,2027-03-27
SKU00472,Empagliflozin,Antidiabetic,850mg,Injection,GSK,15083,23802.82,670,47,BT268786,Fidson Healthcare,C2,2029-07-30
SKU00473,Oseltamivir,Antiviral,200mg,Tablet,Evans,7529,11379.23,701,71,BT602550,Fidson Healthcare,C1,2027-11-22
SKU00474,Terbutaline,Respiratory,200mcg,Tablet,Fidson,16129,19450.54,594,94,BT699466,Emzor Pharmaceuticals,D2,2030-06-16
SKU00475,Sulfasalazine,General Medicine,25mg,Tablet,Drugfield,10662,13353.17,325,49,BT975103,Drugfield Pharmaceuticals,B1,2028-07-21
SKU00476,Dorzolamide,General Medicine,5mg,Tablet,Emzor,2777,3759.95,692,100,BT750082,May & Baker Nigeria,B3,2027-08-10
SKU00477,Rivastigmine,General Medicine,5mg,Tablet,May & Baker,8926,10606.83,260,37,BT979890,Emzor Pharmaceuticals,A1,2029-05-02
SKU00478,Tetracycline,Antibiotic,1g,Suspension,Fidson,15195,22510.06,256,71,BT395113,May & Baker Nigeria,A3,2029-08-22
SKU00479,Oxybutynin,General Medicine,25mg,Tablet,May & Baker,253,367.33,277,36,BT335108,May & Baker Nigeria,C2,2027-07-14
SKU00480,Dabigatran,Anticoagulant,20mg,Injection,GSK,190,286.07,794,35,BT485819,Drugfield Pharmaceuticals,C1,2028-04-02
SKU00481,Lisinopril,Antihypertensive,100mg,Tablet,Drugfield,7091,9494.02,625,37,BT653462,Evans Medical,C1,2029-07-24
SKU00482,Paroxetine,Psychiatric,5mg,Tablet,May & Baker,6913,8813.6,842,48,BT877154,Swiss Pharma Nigeria,D1,2027-02-28
SKU00483,Paracetamol,Analgesic,1000mg,Injection,Evans,12113,17163.83,572,97,BT152994,Fidson Healthcare,A2,2027-08-09
SKU00484,Pyrimethamine,Antimalarial,100mg,Tablet,Drugfield,12277,17235.37,74,47,BT374021,Evans Medical,A2,2028-04-24
SKU00485,Ferrous Sulphate,General Medicine,5mg,Capsule,Drugfield,13329,19237.49,20,23,BT651975,May & Baker Nigeria,D1,2029-07-25
SKU00486,Pioglitazone,Antidiabetic,10mg,Tablet,Evans,2002,2934.24,572,58,BT893042,Drugfield Pharmaceuticals,C2,2028-07-05
SKU00487,Lorazepam,Psychiatric,50mg,Tablet,Juhel,16663,25920.09,399,23,BT409935,Drugfield Pharmaceuticals,D2,2028-07-24
SKU00488,Loperamide,General Medicine,25mg,Tablet,GSK,13357,17207.42,596,45,BT836476,Emzor Pharmaceuticals,B2,2027-01-04
SKU00489,Metronidazole,Antifungal,200mg,Capsule,Evans,13248,19737.75,264,36,BT922740,Fidson Healthcare,A1,2028-08-23
SKU00490,Ramipril,Antihypertensive,25mg,Tablet,Emzor,2040,2589.24,502,36,BT799685,May & Baker Nigeria,C1,2028-01-23
SKU00491,Levetiracetam,Antiepileptic,200mg,Capsule,Pfizer,3992,6379.9,55,20,BT742482,Evans Medical,D2,2029-09-03
SKU00492,Ketoconazole,Antifungal,100mg,Cream,May & Baker,1512,2407.58,563,75,BT717948,Evans Medical,A1,2027-09-04
SKU00493,Domperidone,General Medicine,5mg,Capsule,May & Baker,10195,13583.03,433,88,BT730929,Fidson Healthcare,C3,2029-12-01
SKU00494,Cyclophosphamide,General Medicine,25mg,Tablet,Evans,2153,2507.23,260,82,BT297893,Drugfield Pharmaceuticals,A2,2027-03-04
SKU00495,Insulin Glargine,Antidiabetic,500mg,Injection,May & Baker,8407,13036.77,852,59,BT644663,May & Baker Nigeria,B1,2028-07-07
SKU00496,Tetracycline,Antibiotic,125mg,Capsule,Neimeth,4957,6703.99,618,75,BT579885,Evans Medical,C3,2028-03-01
SKU00497,Atenolol,Antihypertensive,50mg,Tablet,Pfizer,15066,19450.77,571,38,BT598443,Emzor Pharmaceuticals,B3,2026-12-11
SKU00498,Omeprazole,Antifungal,100mg,Tablet,GSK,10041,11578.29,783,78,BT439972,Swiss Pharma Nigeria,A1,2027-10-12
SKU00499,Nitroglycerin,General Medicine,50mg,Tablet,Fidson,19295,25382.22,518,75,BT192875,Evans Medical,D2,2027-08-19
SKU00500,Beclometasone,Respiratory,200mcg,Tablet,Fidson,11472,14596.08,16,28,BT712426,Drugfield Pharmaceuticals,C2,2027-10-02
SKU00501,Memantine,General Medicine,100mg,Tablet,Drugfield,3759,5784.49,886,87,BT224058,Emzor Pharmaceuticals,C2,2029-04-11
SKU00502,Memantine,General Medicine,10mg,Capsule,Juhel,1772,2545.8,901,94,BT634117,Drugfield Pharmaceuticals,C2,2027-12-15
SKU00503,Montelukast,Respiratory,100mcg,Tablet,GSK,14187,19179.25,870,37,BT777174,Swiss Pharma Nigeria,C2,2028-03-26
SKU00504,Rifampicin,Antibiotic,250mg,Suspension,Drugfield,15395,24031.29,579,90,BT725860,Drugfield Pharmaceuticals,B3,2028-01-26
SKU00505,Pilocarpine,General Medicine,10mg,Tablet,Juhel,2829,3997.7,469,67,BT703098,May & Baker Nigeria,D1,2028-05-05
SKU00506,Pyrimethamine,Antimalarial,50mg,Tablet,May & Baker,4893,6343.35,643,46,BT549849,Emzor Pharmaceuticals,B1,2027-07-11
SKU00507,Chloroquine,Antimalarial,20/120mg,Tablet,Emzor,13758,20123.98,847,69,BT457330,Emzor Pharmaceuticals,A2,2027-10-03
SKU00508,Alprazolam,Psychiatric,25mg,Tablet,Drugfield,6504,8754.25,501,78,BT593083,Fidson Healthcare,D1,2028-01-24
SKU00509,Cefuroxime,Antibiotic,1g,Tablet,GSK,10871,16303.97,337,53,BT402887,Evans Medical,B2,2028-11-27
SKU00510,Salbutamol,Respiratory,4mg,Nebule,Emzor,17620,25420.75,965,84,BT130247,Fidson Healthcare,B2,2030-06-04
SKU00511,Mebendazole,Antifungal,100mg,Tablet,May & Baker,16468,25235.67,361,69,BT115521,Fidson Healthcare,B3,2028-06-07
SKU00512,Paracetamol,Analgesic,650mg,Syrup,Emzor,2452,3573.93,886,71,BT380468,Fidson Healthcare,D3,2027-12-18
SKU00513,Zinc Sulphate,General Medicine,10mg,Capsule,Juhel,893,1295.21,644,62,BT480167,Swiss Pharma Nigeria,C1,2029-12-27
SKU00514,Magnesium Hydroxide,General Medicine,10mg,Tablet,GSK,10823,13561.36,204,94,BT834062,Drugfield Pharmaceuticals,C3,2027-04-28
SKU00515,Lisinopril,Antihypertensive,100mg,Tablet,May & Baker,1175,1872.17,29,79,BT747788,Evans Medical,B2,2029-11-19
SKU00516,Fexofenadine,Antihistamine,120mg,Syrup,Pfizer,624,971.47,742,91,BT540072,Drugfield Pharmaceuticals,D2,2026-12-16
SKU00517,Rivastigmine,General Medicine,10mg,Tablet,Pfizer,19354,24287.31,351,84,BT960702,Evans Medical,A3,2028-08-24
SKU00518,Insulin Glargine,Antidiabetic,25mg,Injection,May & Baker,19856,29881.21,215,50,BT258272,May & Baker Nigeria,D1,2027-08-19
SKU00519,Quetiapine,Psychiatric,25mg,Tablet,Juhel,3887,5691.09,204,78,BT777199,Emzor Pharmaceuticals,D2,2029-09-05
SKU00520,Prednisolone,Corticosteroid,4mg,Tablet,Juhel,2320,3269.36,731,78,BT661105,Evans Medical,B3,2028-10-25
SKU00521,Loperamide,General Medicine,5mg,Tablet,Juhel,5651,6642.73,599,99,BT548237,Drugfield Pharmaceuticals,D1,2026-10-25
SKU00522,Hydrochlorothiazide,Diuretic,100mg,Tablet,Neimeth,12744,15012.47,655,51,BT952953,May & Baker Nigeria,A2,2026-12-06
SKU00523,Calcium Carbonate,General Medicine,5mg,Tablet,Pfizer,10980,17023.26,483,27,BT490647,Drugfield Pharmaceuticals,C3,2028-01-15
SKU00524,Empagliflozin,Antidiabetic,10mg,Tablet,Evans,18122,25896.22,918,88,BT732812,Fidson Healthcare,C1,2028-01-02
SKU00525,Amitriptyline,Psychiatric,5mg,Tablet,Evans,5037,6989.14,125,42,BT395846,Swiss Pharma Nigeria,B2,2026-11-30
SKU00526,Famotidine,General Medicine,50mg,Capsule,May & Baker,16028,19868.05,310,86,BT401212,Fidson Healthcare,D3,2030-03-28
SKU00527,Simvastatin,Statin,80mg,Tablet,May & Baker,2431,3266.27,801,29,BT418161,Emzor Pharmaceuticals,D3,2029-06-28
SKU00528,Vitamin D3,General Medicine,5mg,Tablet,Swiss Pharma,16053,25549.99,659,36,BT531587,Evans Medical,C3,2029-04-16
SKU00529,Tazobactam,Antibiotic,625mg,Suspension,GSK,7798,10291.33,990,37,BT233143,Swiss Pharma Nigeria,A3,2027-05-08
SKU00530,Insulin Regular,Antidiabetic,850mg,Tablet,Evans,14065,21555.1,943,65,BT292218,Drugfield Pharmaceuticals,D1,2029-05-14
SKU00531,Tetracycline,Antibiotic,125mg,Injection,Emzor,13236,18185.99,638,33,BT360510,Drugfield Pharmaceuticals,B3,2027-08-28
SKU00532,Diltiazem,Antihypertensive,50mg,Tablet,Emzor,13185,19298.27,974,91,BT143987,Fidson Healthcare,C2,2030-06-28
SKU00533,Rivastigmine,General Medicine,50mg,Capsule,GSK,8112,10798.59,13,81,BT855832,Drugfield Pharmaceuticals,A3,2029-11-05
SKU00534,Metoclopramide,General Medicine,5mg,Tablet,Fidson,9348,11929.56,910,34,BT473493,Emzor Pharmaceuticals,B1,2027-11-02
SKU00535,Codeine,Analgesic,650mg,Tablet,Neimeth,1208,1666.83,384,45,BT258392,Evans Medical,B1,2029-01-21
SKU00536,Alprazolam,Psychiatric,5mg,Tablet,GSK,18858,25452.86,915,26,BT339286,May & Baker Nigeria,A1,2027-07-31
SKU00537,Quinine,Antimalarial,50mg,Injection,Fidson,14125,17014.77,767,96,BT620198,Swiss Pharma Nigeria,B2,2029-10-05
SKU00538,Brimonidine,General Medicine,100mg,Tablet,May & Baker,11015,16951.74,495,72,BT111126,Drugfield Pharmaceuticals,B1,2027-08-08
SKU00539,Atenolol,Antihypertensive,5mg,Tablet,GSK,13411,16061.1,825,64,BT708619,May & Baker Nigeria,D3,2026-11-18
SKU00540,Cimetidine,General Medicine,25mg,Tablet,May & Baker,8591,11689.09,368,44,BT702489,Drugfield Pharmaceuticals,B1,2029-05-29
SKU00541,Ipratropium,Respiratory,4mg,Tablet,Juhel,18916,25330.24,16,29,BT794021,Swiss Pharma Nigeria,B1,2027-08-12
SKU00542,Apixaban,Anticoagulant,20mg,Tablet,May & Baker,19089,24879.69,656,62,BT951378,Fidson Healthcare,C3,2027-04-03
SKU00543,Nystatin,Statin,80mg,Tablet,Drugfield,5604,7898.69,694,31,BT301413,Emzor Pharmaceuticals,D1,2027-02-22
SKU00544,Alprazolam,Psychiatric,5mg,Tablet,May & Baker,19804,28591.35,344,74,BT414153,Fidson Healthcare,C3,2028-10-25
SKU00545,Piperacillin,Antibiotic,625mg,Capsule,Evans,9023,14146.4,732,21,BT431406,May & Baker Nigeria,C2,2030-04-17
SKU00546,Magnesium Sulphate,General Medicine,25mg,Tablet,Evans,2957,3686.76,530,79,BT292811,May & Baker Nigeria,C1,2029-11-23
SKU00547,Oxybutynin,General Medicine,50mg,Tablet,Swiss Pharma,982,1241.99,751,85,BT808421,Fidson Healthcare,C1,2029-03-23
SKU00548,Gentamicin,General Medicine,100mg,Tablet,May & Baker,12020,16592.75,305,28,BT812160,Emzor Pharmaceuticals,C2,2027-10-14
SKU00549,Paroxetine,Psychiatric,25mg,Tablet,Emzor,13563,21321.66,554,70,BT287421,Emzor Pharmaceuticals,C3,2027-10-24
SKU00550,Cefotaxime,Antibiotic,250mg,Suspension,Emzor,2404,3040.04,219,94,BT717972,Fidson Healthcare,C3,2029-01-21
SKU00551,Beclometasone,Respiratory,100mcg,Inhaler,GSK,14887,21441.37,675,44,BT506708,Emzor Pharmaceuticals,C2,2028-07-24
SKU00552,Sertraline,Psychiatric,5mg,Tablet,Evans,1161,1816.42,474,41,BT453921,Evans Medical,D3,2028-06-16
SKU00553,Folic Acid,General Medicine,10mg,Tablet,Neimeth,4924,6856.41,191,57,BT156861,May & Baker Nigeria,A3,2030-04-05
SKU00554,Aspirin,General Medicine,5mg,Tablet,Emzor,8572,10808.59,62,40,BT753395,Evans Medical,A2,2030-05-27
SKU00555,Amoxicillin,Antibiotic,500mg,Injection,Drugfield,15786,19200.87,506,28,BT607659,Drugfield Pharmaceuticals,D3,2030-07-05
SKU00556,Brimonidine,General Medicine,10mg,Capsule,Pfizer,4840,6662.63,442,79,BT900111,Swiss Pharma Nigeria,A2,2029-04-23
SKU00557,Empagliflozin,Antidiabetic,10mg,Injection,Drugfield,18372,24879.26,692,53,BT158031,Drugfield Pharmaceuticals,C1,2029-04-28
SKU00558,Spironolactone,Diuretic,50mg,Tablet,Fidson,9036,13303.06,364,42,BT599306,Emzor Pharmaceuticals,C3,2027-02-05
SKU00559,Cefotaxime,Antibiotic,250mg,Suspension,Neimeth,12770,20070.9,532,32,BT911091,Swiss Pharma Nigeria,A3,2027-05-14
SKU00560,Prednisolone,Corticosteroid,40mg,Tablet,May & Baker,10073,14025.92,368,63,BT186452,Drugfield Pharmaceuticals,C1,2027-11-21
SKU00561,Carvedilol,General Medicine,25mg,Capsule,Neimeth,9348,11778.44,891,22,BT513252,Fidson Healthcare,C3,2027-06-13
SKU00562,Isoniazid,Antibiotic,1g,Capsule,May & Baker,18178,24428.09,603,29,BT883710,Emzor Pharmaceuticals,B2,2027-04-25
SKU00563,Pantoprazole,Antifungal,100mg,Capsule,Swiss Pharma,17321,24806.2,164,23,BT378319,Evans Medical,D3,2027-04-01
SKU00564,Insulin Aspart,Antidiabetic,10mg,Tablet,Evans,6144,7232.75,345,45,BT263522,Drugfield Pharmaceuticals,C1,2030-01-03
SKU00565,Diclofenac,NSAID,100mg,Tablet,Evans,3490,4153.65,496,90,BT245253,Evans Medical,D1,2029-06-25
SKU00566,Digoxin,General Medicine,10mg,Tablet,Drugfield,16905,22934.14,144,93,BT379223,Drugfield Pharmaceuticals,D2,2027-07-22
SKU00567,Morphine,Analgesic,650mg,Syrup,Swiss Pharma,18383,25555.25,17,21,BT957614,Evans Medical,C1,2029-12-24
SKU00568,Verapamil,Antihypertensive,25mg,Tablet,Juhel,19858,31305.87,4,83,BT294696,Fidson Healthcare,C3,2027-07-06
SKU00569,Heparin,Anticoagulant,40mg,Injection,Evans,17854,23813.71,403,21,BT363537,Fidson Healthcare,D3,2029-12-16
SKU00570,Nifedipine,Antihypertensive,25mg,Tablet,Juhel,6198,8731.47,406,44,BT464755,Emzor Pharmaceuticals,D2,2026-10-17
SKU00571,Haloperidol,Psychiatric,10mg,Tablet,May & Baker,8371,11066.88,367,53,BT308667,Drugfield Pharmaceuticals,A1,2027-05-25
SKU00572,Sildenafil,General Medicine,100mg,Capsule,Drugfield,1193,1537.72,624,80,BT831447,Drugfield Pharmaceuticals,B2,2027-07-13
SKU00573,Betamethasone,Corticosteroid,4mg,Cream,Juhel,10219,13446.85,756,36,BT505685,May & Baker Nigeria,C1,2027-03-21
SKU00574,Acetazolamide,General Medicine,10mg,Capsule,May & Baker,18626,28805.26,898,71,BT648081,Evans Medical,B1,2026-12-12
SKU00575,Ropinirole,General Medicine,50mg,Capsule,Drugfield,12940,18257.85,585,83,BT895296,Fidson Healthcare,A1,2029-03-14
SKU00576,Erythromycin,Antibiotic,500mg,Suspension,Emzor,18315,25240.84,495,22,BT765218,Evans Medical,D2,2028-11-16
SKU00577,Codeine,Analgesic,500mg,Syrup,Drugfield,17496,24492.38,366,58,BT928128,Drugfield Pharmaceuticals,B3,2027-07-19
SKU00578,Latanoprost,General Medicine,100mg,Capsule,May & Baker,19249,24293.34,35,56,BT630031,Fidson Healthcare,C1,2029-03-11
SKU00579,Magnesium Sulphate,General Medicine,10mg,Tablet,Fidson,9507,15074.45,932,39,BT845612,May & Baker Nigeria,B1,2027-04-03
SKU00580,Cyclophosphamide,General Medicine,100mg,Capsule,Evans,5159,6153.58,88,86,BT813548,Swiss Pharma Nigeria,B2,2027-06-09
SKU00581,Ethambutol,Antibiotic,1g,Injection,GSK,19223,28587.43,981,73,BT360143,Emzor Pharmaceuticals,D3,2029-12-31
SKU00582,Praziquantel,General Medicine,100mg,Tablet,Emzor,5609,8928.75,964,91,BT862384,Swiss Pharma Nigeria,A3,2029-02-05
SKU00583,Budesonide,Respiratory,4mg,Inhaler,Drugfield,1461,1867.85,566,59,BT957694,Evans Medical,C1,2027-01-15
SKU00584,Levodopa,General Medicine,5mg,Tablet,Neimeth,15346,24332.17,374,73,BT669328,Emzor Pharmaceuticals,C2,2026-10-30
SKU00585,Methylprednisolone,Corticosteroid,4mg,Tablet,Drugfield,8448,11658.11,955,38,BT316802,Drugfield Pharmaceuticals,A2,2028-12-07
SKU00586,Finasteride,General Medicine,50mg,Capsule,Evans,14582,19820.58,847,86,BT136056,Swiss Pharma Nigeria,A3,2029-04-11
SKU00587,Dorzolamide,General Medicine,100mg,Tablet,Emzor,9078,11748.65,163,76,BT388822,Drugfield Pharmaceuticals,D3,2029-12-14
SKU00588,Flucloxacillin,Antibiotic,1g,Injection,Swiss Pharma,19282,22269.27,551,51,BT714430,Drugfield Pharmaceuticals,D2,2027-03-15
SKU00589,Methotrexate,General Medicine,5mg,Capsule,Fidson,18549,21946.74,575,77,BT517603,Swiss Pharma Nigeria,C2,2029-06-24
SKU00590,Morphine,Analgesic,500mg,Tablet,Pfizer,265,349.72,194,57,BT543954,Emzor Pharmaceuticals,A2,2029-03-26
SKU00591,Tinidazole,Antifungal,200mg,Cream,GSK,11366,14673.69,722,61,BT612844,Evans Medical,C2,2027-01-24
SKU00592,Oxybutynin,General Medicine,25mg,Tablet,Swiss Pharma,15990,18884.51,26,98,BT646557,May & Baker Nigeria,C1,2026-12-18
SKU00593,Pioglitazone,Antidiabetic,850mg,Injection,GSK,19708,30612.63,980,80,BT536513,Emzor Pharmaceuticals,C3,2028-10-16
SKU00594,Phenytoin,Antiepileptic,500mg,Capsule,Evans,3502,4105.41,556,32,BT626244,Emzor Pharmaceuticals,C1,2028-12-07
SKU00595,Sertraline,Psychiatric,5mg,Tablet,Swiss Pharma,14820,20952.65,709,91,BT719091,Emzor Pharmaceuticals,B1,2029-06-09
SKU00596,Allopurinol,General Medicine,25mg,Capsule,Emzor,11500,15894.41,925,42,BT465630,Fidson Healthcare,B1,2027-02-13
SKU00597,Apixaban,Anticoagulant,5mg,Injection,May & Baker,918,1390.94,201,64,BT409744,May & Baker Nigeria,A2,2029-01-30
SKU00598,Escitalopram,Psychiatric,100mg,Tablet,Evans,12455,14771.28,583,92,BT112544,Fidson Healthcare,B2,2028-10-06
SKU00599,Colchicine,General Medicine,25mg,Tablet,Pfizer,468,571.07,155,37,BT713500,May & Baker Nigeria,B3,2027-02-14
SKU00600,Telmisartan,Antihypertensive,50mg,Tablet,May & Baker,7579,11541.18,892,25,BT497827,Evans Medical,B1,2028-09-15
SKU00601,Brimonidine,General Medicine,5mg,Capsule,Pfizer,7192,9063.31,707,70,BT742753,May & Baker Nigeria,D1,2029-07-03
SKU00602,Pyrimethamine,Antimalarial,50mg,Tablet,May & Baker,764,973.76,637,38,BT658465,Swiss Pharma Nigeria,A2,2029-08-16
SKU00603,Pantoprazole,Antifungal,150mg,Tablet,Neimeth,11043,16709.57,387,81,BT465883,Emzor Pharmaceuticals,B3,2028-12-18
SKU00604,Carbimazole,Antifungal,200mg,Cream,Drugfield,19310,27113.56,318,97,BT515381,Swiss Pharma Nigeria,B1,2028-02-11
SKU00605,Losartan,Antihypertensive,100mg,Tablet,Evans,18336,26175.85,891,54,BT926236,Evans Medical,D1,2028-07-02
SKU00606,Isoniazid,Antibiotic,125mg,Injection,Swiss Pharma,10725,15681.27,881,99,BT327560,Fidson Healthcare,C1,2030-05-14
SKU00607,Brimonidine,General Medicine,5mg,Tablet,Juhel,12853,18692.28,243,82,BT969114,Drugfield Pharmaceuticals,D1,2030-02-28
SKU00608,Oxybutynin,General Medicine,50mg,Capsule,Pfizer,763,1083.66,943,91,BT266248,Evans Medical,D3,2028-04-01
SKU00609,Alprazolam,Psychiatric,5mg,Tablet,Swiss Pharma,18186,22530.14,388,63,BT250980,Drugfield Pharmaceuticals,B3,2029-01-21
SKU00610,Pramipexole,General Medicine,5mg,Tablet,Neimeth,7904,12059.64,771,39,BT765693,May & Baker Nigeria,C2,2029-07-17
SKU00611,Levetiracetam,Antiepileptic,200mg,Capsule,Neimeth,18295,21707.6,647,25,BT435699,Evans Medical,D3,2029-08-18
SKU00612,Ferrous Sulphate,General Medicine,10mg,Tablet,Neimeth,11120,15262.89,105,79,BT911565,Evans Medical,B1,2029-09-02
SKU00613,Budesonide,Respiratory,200mcg,Inhaler,Drugfield,14749,19399.23,480,68,BT393573,May & Baker Nigeria,A2,2027-11-26
SKU00614,Finasteride,General Medicine,10mg,Tablet,May & Baker,1891,2942.81,686,87,BT670215,Drugfield Pharmaceuticals,D1,2030-06-24
SKU00615,Vancomycin,Antibiotic,500mg,Suspension,Emzor,1419,1686.31,316,52,BT832895,Fidson Healthcare,A2,2027-11-01
SKU00616,Artemether,Antimalarial,100mg,Injection,May & Baker,8964,10493.37,546,72,BT100463,Emzor Pharmaceuticals,A1,2029-12-15
SKU00617,Clarithromycin,Antibiotic,500mg,Injection,Juhel,4060,5611.2,142,38,BT730218,Evans Medical,D1,2027-11-24
SKU00618,Ramipril,Antihypertensive,2.5mg,Tablet,Pfizer,15759,19684.72,958,43,BT971964,May & Baker Nigeria,D3,2028-02-04
SKU00619,Albendazole,Antifungal,500mg,Cream,Pfizer,5456,7627.5,125,78,BT187814,Emzor Pharmaceuticals,B1,2029-01-09
SKU00620,Ethambutol,Antibiotic,625mg,Suspension,Juhel,14060,21096.66,400,83,BT664052,Fidson Healthcare,A3,2028-08-03
SKU00621,Atorvastatin,Statin,40mg,Tablet,Emzor,9574,13914.91,652,30,BT368713,Fidson Healthcare,C2,2027-07-18
SKU00622,Terbutaline,Respiratory,200mcg,Nebule,Fidson,14513,19134.39,179,59,BT569395,Drugfield Pharmaceuticals,D1,2028-12-05
SKU00623,Lisinopril,Antihypertensive,100mg,Tablet,Emzor,5023,7744.34,416,59,BT371569,May & Baker Nigeria,A2,2028-12-30
SKU00624,Enalapril,Antihypertensive,10mg,Tablet,GSK,17660,25068.32,834,38,BT571381,Drugfield Pharmaceuticals,C3,2030-07-08
SKU00625,Propranolol,Antihypertensive,100mg,Tablet,Neimeth,11110,17431.47,819,90,BT649299,Drugfield Pharmaceuticals,C2,2026-11-19
SKU00626,Bisoprolol,Antihypertensive,10mg,Tablet,Emzor,502,779.51,79,87,BT940144,Fidson Healthcare,A1,2027-09-15
SKU00627,Furosemide,Diuretic,100mg,Tablet,GSK,18250,21910.6,14,74,BT670342,Evans Medical,A3,2028-10-09
SKU00628,Mebendazole,Antifungal,500mg,Cream,Swiss Pharma,12274,17403.31,798,92,BT144006,Emzor Pharmaceuticals,C2,2030-01-06
SKU00629,Amoxicillin,Antibiotic,500mg,Capsule,Evans,6571,10350.98,278,89,BT780632,Swiss Pharma Nigeria,B3,2029-10-22
SKU00630,Tamsulosin,General Medicine,100mg,Capsule,Emzor,6427,8485.6,690,30,BT663877,Swiss Pharma Nigeria,A2,2028-09-22
SKU00631,Hydrocortisone,Corticosteroid,4mg,Tablet,Drugfield,1468,2348.17,410,80,BT245825,Drugfield Pharmaceuticals,C3,2029-11-20
SKU00632,Cimetidine,General Medicine,25mg,Capsule,GSK,4176,5969.81,309,76,BT876161,May & Baker Nigeria,A3,2026-10-30
SKU00633,Verapamil,Antihypertensive,2.5mg,Tablet,Juhel,2324,3243.48,556,68,BT797024,Emzor Pharmaceuticals,D1,2029-07-08
SKU00634,Oxybutynin,General Medicine,10mg,Capsule,Pfizer,19364,27555.89,132,56,BT117507,Swiss Pharma Nigeria,D1,2027-06-10
SKU00635,Levodopa,General Medicine,25mg,Tablet,Juhel,6193,8806.25,351,94,BT552133,Drugfield Pharmaceuticals,C3,2029-10-25
SKU00636,Ceftriaxone,Antibiotic,125mg,Suspension,Pfizer,16561,23582.72,291,91,BT804060,Emzor Pharmaceuticals,A3,2029-07-16
SKU00637,Lorazepam,Psychiatric,25mg,Tablet,May & Baker,18226,29038.44,293,64,BT450569,Fidson Healthcare,C2,2029-05-25
SKU00638,Digoxin,General Medicine,5mg,Tablet,Emzor,5296,7652.52,972,23,BT295734,Emzor Pharmaceuticals,D1,2028-10-27
SKU00639,Haloperidol,Psychiatric,25mg,Tablet,May & Baker,16921,22468.79,34,74,BT656699,Drugfield Pharmaceuticals,D2,2030-06-24
SKU00640,Chlorpheniramine,Antihistamine,4mg,Tablet,Evans,1381,1960.21,208,39,BT412517,Drugfield Pharmaceuticals,B3,2027-03-30
SKU00641,Vitamin D3,General Medicine,50mg,Tablet,Emzor,4243,5305.06,782,82,BT965411,Drugfield Pharmaceuticals,B3,2029-04-05
SKU00642,Olanzapine,Psychiatric,10mg,Tablet,Fidson,11548,17054.67,585,94,BT723846,May & Baker Nigeria,C3,2026-12-18
SKU00643,Chlorpheniramine,Antihistamine,10mg,Syrup,Neimeth,16049,20128.94,952,81,BT861037,Drugfield Pharmaceuticals,C1,2027-03-20
SKU00644,Carbimazole,Antifungal,100mg,Capsule,Fidson,11450,15218.84,465,86,BT348265,Emzor Pharmaceuticals,C2,2028-06-20
SKU00645,Sodium Valproate,Antiepileptic,200mg,Capsule,Fidson,17512,25812.41,608,60,BT651369,May & Baker Nigeria,A3,2028-04-24
SKU00646,Methylprednisolone,Corticosteroid,40mg,Tablet,Swiss Pharma,13826,19524.78,224,86,BT154573,Drugfield Pharmaceuticals,C1,2027-01-04
SKU00647,Levothyroxine,General Medicine,50mg,Capsule,GSK,5965,6870.22,26,32,BT728633,Drugfield Pharmaceuticals,D2,2026-10-21
SKU00648,Chloroquine,Antimalarial,100mg,Tablet,Pfizer,7297,11155.08,688,56,BT745562,Drugfield Pharmaceuticals,D1,2028-02-25
SKU00649,Acetazolamide,General Medicine,5mg,Capsule,Juhel,9558,13209.58,32,55,BT457091,Evans Medical,C3,2029-06-22
SKU00650,Cloxacillin,Antibiotic,250mg,Tablet,Swiss Pharma,11509,17768.75,274,89,BT657262,Fidson Healthcare,D1,2028-06-08
SKU00651,Rivastigmine,General Medicine,25mg,Capsule,Fidson,17500,26373.71,600,26,BT627687,Drugfield Pharmaceuticals,B3,2028-12-12
SKU00652,Magnesium Hydroxide,General Medicine,25mg,Tablet,Juhel,5238,7080.21,493,63,BT522199,May & Baker Nigeria,D1,2029-07-06
SKU00653,Carbamazepine,Antiepileptic,500mg,Tablet,Drugfield,6169,9120.85,337,97,BT713613,May & Baker Nigeria,A3,2028-01-03
SKU00654,Diazepam,Psychiatric,100mg,Tablet,Pfizer,7362,9294.47,529,52,BT406589,Evans Medical,A1,2029-04-12
SKU00655,Meropenem,Antibiotic,1g,Tablet,Swiss Pharma,3585,4823.46,680,47,BT907207,Evans Medical,D2,2026-11-15
SKU00656,Isosorbide Mononitrate,General Medicine,10mg,Tablet,Drugfield,5706,7914.55,384,21,BT475293,Swiss Pharma Nigeria,D2,2028-03-11
SKU00657,Omeprazole,Antifungal,100mg,Cream,Swiss Pharma,18522,21590.71,266,100,BT623101,Drugfield Pharmaceuticals,A2,2028-01-17
SKU00658,Ethambutol,Antibiotic,500mg,Injection,Swiss Pharma,16982,23037.65,935,77,BT728413,Fidson Healthcare,C3,2027-06-15
SKU00659,Cetirizine,Antihistamine,4mg,Syrup,Drugfield,9365,14498.15,473,88,BT463576,Swiss Pharma Nigeria,B3,2029-01-08
SKU00660,Oseltamivir,Antiviral,200mg,Capsule,Swiss Pharma,6524,9886.55,61,22,BT681608,Fidson Healthcare,A2,2029-08-27
SKU00661,Ipratropium,Respiratory,200mcg,Nebule,Swiss Pharma,1764,2524.57,9,98,BT388046,May & Baker Nigeria,B3,2029-02-20
SKU00662,Rivastigmine,General Medicine,25mg,Tablet,Pfizer,10806,12691.79,520,24,BT519174,Drugfield Pharmaceuticals,D1,2028-05-30
SKU00663,Zinc Sulphate,General Medicine,10mg,Tablet,GSK,9023,11308.08,442,52,BT172992,Evans Medical,A3,2027-11-23
SKU00664,Vancomycin,Antibiotic,1g,Capsule,Pfizer,1347,1785.71,702,56,BT289053,May & Baker Nigeria,C3,2029-05-08
SKU00665,Tacrolimus,General Medicine,100mg,Capsule,Juhel,1733,2387.55,944,90,BT507415,Emzor Pharmaceuticals,C3,2028-07-23
SKU00666,Methylprednisolone,Corticosteroid,4mg,Injection,Emzor,9565,11378.0,244,69,BT982721,Swiss Pharma Nigeria,B3,2029-11-30
SKU00667,Itraconazole,Antifungal,500mg,Tablet,GSK,11680,18367.33,442,44,BT983944,Fidson Healthcare,B3,2028-02-28
SKU00668,Donepezil,General Medicine,10mg,Capsule,Neimeth,13925,16853.87,833,53,BT588408,Evans Medical,B2,2028-01-12
SKU00669,Donepezil,General Medicine,100mg,Capsule,May & Baker,4684,6365.87,101,66,BT643918,Fidson Healthcare,A1,2029-06-26
SKU00670,Gliclazide,Antidiabetic,1000mg,Injection,Evans,5649,7165.56,944,68,BT124021,Emzor Pharmaceuticals,D1,2029-09-17
SKU00671,Cimetidine,General Medicine,10mg,Tablet,GSK,2700,4015.86,542,48,BT261447,Fidson Healthcare,A3,2028-10-04
SKU00672,Salbutamol,Respiratory,100mcg,Inhaler,Evans,4384,5118.8,740,44,BT992428,Emzor Pharmaceuticals,D1,2028-11-13
SKU00673,Venlafaxine,Psychiatric,25mg,Tablet,Emzor,6239,7893.28,46,93,BT903129,Fidson Healthcare,B1,2028-05-11
SKU00674,Fluconazole,Antifungal,500mg,Tablet,Neimeth,8245,12079.99,841,69,BT259822,Swiss Pharma Nigeria,D1,2029-02-06
SKU00675,Methyldopa,Antihypertensive,5mg,Tablet,Juhel,7782,11430.74,802,55,BT909778,Emzor Pharmaceuticals,D2,2029-03-19
SKU00676,Bromocriptine,General Medicine,25mg,Capsule,Juhel,14913,22252.29,579,45,BT750015,Emzor Pharmaceuticals,D2,2028-06-27
SKU00677,Pioglitazone,Antidiabetic,25mg,Tablet,Evans,16951,22038.67,839,95,BT944090,Drugfield Pharmaceuticals,A2,2029-04-27
SKU00678,Latanoprost,General Medicine,25mg,Tablet,Evans,18836,29391.15,456,93,BT572528,Drugfield Pharmaceuticals,A3,2029-10-26
SKU00679,Loratadine,Antihistamine,120mg,Syrup,Fidson,18602,23092.53,822,24,BT182856,Fidson Healthcare,B2,2029-10-08
SKU00680,Escitalopram,Psychiatric,50mg,Tablet,Emzor,3472,5160.17,964,80,BT748701,Evans Medical,A1,2027-01-15
SKU00681,Cyclophosphamide,General Medicine,50mg,Capsule,Pfizer,3716,4327.24,320,70,BT302593,Fidson Healthcare,A2,2028-06-04
SKU00682,Dabigatran,Anticoagulant,10mg,Injection,May & Baker,18221,26359.46,160,83,BT613714,May & Baker Nigeria,B2,2028-09-01
SKU00683,Dorzolamide,General Medicine,10mg,Capsule,Fidson,10771,14334.74,67,33,BT444327,Swiss Pharma Nigeria,C1,2027-02-02
SKU00684,Imipenem,Antibiotic,250mg,Tablet,May & Baker,8284,9650.86,156,34,BT599866,May & Baker Nigeria,A2,2029-02-26
SKU00685,Sulfadoxine,Antimalarial,50mg,Tablet,Fidson,16167,18998.71,783,22,BT525202,Swiss Pharma Nigeria,C2,2027-09-09
SKU00686,Vitamin D3,General Medicine,10mg,Capsule,Evans,10962,12773.52,986,97,BT225227,Emzor Pharmaceuticals,A3,2029-06-09
SKU00687,Pyrimethamine,Antimalarial,50mg,Injection,Fidson,12582,15406.09,898,32,BT578658,Swiss Pharma Nigeria,D2,2029-02-10
SKU00688,Omeprazole,Antifungal,500mg,Cream,GSK,10918,13950.8,103,23,BT922400,Swiss Pharma Nigeria,D1,2028-02-16
SKU00689,Potassium Chloride,General Medicine,100mg,Tablet,Evans,16538,26058.12,755,24,BT794233,May & Baker Nigeria,D2,2030-02-06
SKU00690,Ceftriaxone,Antibiotic,250mg,Capsule,GSK,11820,17664.02,17,87,BT548395,Evans Medical,C2,2029-04-28
SKU00691,Ramipril,Antihypertensive,2.5mg,Tablet,Drugfield,19808,23790.27,697,54,BT483009,Evans Medical,C2,2029-06-30
SKU00692,Lisinopril,Antihypertensive,25mg,Tablet,Evans,3667,5562.56,259,56,BT623571,Fidson Healthcare,D2,2028-10-16
SKU00693,Gabapentin,Antiepileptic,200mg,Tablet,Emzor,8766,13776.48,925,54,BT160911,Drugfield Pharmaceuticals,A3,2030-04-16
SKU00694,Lorazepam,Psychiatric,5mg,Tablet,May & Baker,19215,22854.98,772,70,BT304185,May & Baker Nigeria,D2,2028-10-18
SKU00695,Warfarin,Anticoagulant,2.5mg,Tablet,Swiss Pharma,7371,10972.41,698,66,BT416799,Swiss Pharma Nigeria,A3,2028-06-16
SKU00696,Meloxicam,NSAID,400mg,Gel,Drugfield,2723,3469.65,572,67,BT822171,Evans Medical,B1,2029-10-23
SKU00697,Methylprednisolone,Corticosteroid,100mg,Cream,GSK,3097,4512.82,796,73,BT214694,Emzor Pharmaceuticals,B2,2028-04-11
SKU00698,Ropinirole,General Medicine,50mg,Tablet,May & Baker,5608,6832.61,976,62,BT372708,Evans Medical,A3,2029-09-28
SKU00699,Atorvastatin,Statin,20mg,Tablet,Juhel,16539,25085.57,399,28,BT281296,May & Baker Nigeria,B3,2028-04-28
SKU00700,Tacrolimus,General Medicine,10mg,Tablet,Evans,13241,15596.03,70,74,BT209377,Evans Medical,B3,2028-01-06
SKU00701,Metronidazole,Antifungal,150mg,Cream,Neimeth,5301,6395.86,230,73,BT160652,Evans Medical,B3,2028-11-28
SKU00702,Cyclosporine,General Medicine,50mg,Capsule,Fidson,9508,12917.66,450,46,BT734927,Evans Medical,C2,2028-02-04
SKU00703,Domperidone,General Medicine,100mg,Tablet,Drugfield,13527,20262.57,148,29,BT292219,May & Baker Nigeria,A2,2030-01-29
SKU00704,Methotrexate,General Medicine,50mg,Capsule,Drugfield,8659,12363.28,363,91,BT920523,May & Baker Nigeria,C3,2028-11-06
SKU00705,Ampicillin,Antibiotic,625mg,Injection,Emzor,4245,6008.36,759,50,BT318097,Evans Medical,B3,2026-10-14
SKU00706,Vitamin D3,General Medicine,50mg,Tablet,Emzor,16783,26233.58,829,69,BT321182,Emzor Pharmaceuticals,B3,2027-01-02
SKU00707,Artesunate,Antimalarial,200mg,Tablet,Neimeth,9472,15124.0,792,25,BT688413,Evans Medical,C3,2027-05-18
SKU00708,Gentamicin,General Medicine,100mg,Capsule,Fidson,10300,15813.64,805,44,BT501962,Drugfield Pharmaceuticals,C2,2030-05-01
SKU00709,Insulin Glargine,Antidiabetic,500mg,Tablet,Neimeth,6446,8075.66,123,98,BT924229,Emzor Pharmaceuticals,D3,2030-01-20
SKU00710,Sildenafil,General Medicine,25mg,Tablet,Pfizer,1197,1844.58,940,74,BT693461,Swiss Pharma Nigeria,A2,2030-06-25
SKU00711,Simvastatin,Statin,10mg,Tablet,Neimeth,15681,22142.24,390,74,BT726512,May & Baker Nigeria,C2,2027-09-12
SKU00712,Morphine,Analgesic,650mg,Syrup,Swiss Pharma,549,788.66,733,83,BT495012,Drugfield Pharmaceuticals,A1,2028-07-14
SKU00713,Folic Acid,General Medicine,25mg,Capsule,Evans,182,291.03,120,55,BT933400,Drugfield Pharmaceuticals,B2,2028-06-26
SKU00714,Gliclazide,Antidiabetic,25mg,Tablet,Neimeth,5769,8797.65,505,63,BT677613,Evans Medical,C1,2030-05-18
SKU00715,Quetiapine,Psychiatric,50mg,Tablet,Evans,13190,17183.72,36,56,BT955736,Evans Medical,A3,2027-05-30
SKU00716,Metformin,Antidiabetic,10mg,Tablet,Swiss Pharma,10466,15155.38,393,80,BT647369,Evans Medical,D3,2029-07-24
SKU00717,Sodium Valproate,Antiepileptic,300mg,Tablet,May & Baker,5927,7581.59,349,98,BT270698,May & Baker Nigeria,A3,2026-12-02
SKU00718,Ropinirole,General Medicine,25mg,Tablet,Fidson,727,1075.35,807,47,BT492303,Fidson Healthcare,A3,2027-09-17
SKU00719,Artemether,Antimalarial,20/120mg,Tablet,Evans,14334,18870.35,954,44,BT570411,Swiss Pharma Nigeria,C1,2027-08-03
SKU00720,Losartan,Antihypertensive,100mg,Tablet,GSK,3763,4771.76,409,66,BT622648,Emzor Pharmaceuticals,C2,2030-05-16
SKU00721,Diazepam,Psychiatric,25mg,Tablet,Juhel,15258,19954.35,910,88,BT935376,Fidson Healthcare,B2,2027-06-17
SKU00722,Ferrous Sulphate,General Medicine,100mg,Capsule,Drugfield,5677,8668.99,727,70,BT106788,Evans Medical,C1,2027-11-04
SKU00723,Ketoconazole,Antifungal,200mg,Capsule,Swiss Pharma,2689,3389.04,384,33,BT738641,Swiss Pharma Nigeria,C3,2028-03-02
SKU00724,Hydrocortisone,Corticosteroid,4mg,Cream,Juhel,13171,20668.21,476,80,BT299446,Evans Medical,A1,2027-10-18
SKU00725,Ondansetron,General Medicine,50mg,Tablet,Drugfield,16370,25497.92,585,40,BT388499,Drugfield Pharmaceuticals,D1,2027-01-13
SKU00726,Pioglitazone,Antidiabetic,850mg,Injection,Emzor,6906,8516.26,218,25,BT897945,Evans Medical,D3,2027-12-26
SKU00727,Ipratropium,Respiratory,4mg,Inhaler,Juhel,2813,3322.86,34,34,BT746026,Fidson Healthcare,B3,2027-01-23
SKU00728,Zinc Sulphate,General Medicine,100mg,Capsule,May & Baker,6570,9813.56,709,52,BT557069,Drugfield Pharmaceuticals,C3,2029-05-17
SKU00729,Methotrexate,General Medicine,5mg,Tablet,Swiss Pharma,12182,16353.32,654,94,BT920363,May & Baker Nigeria,A1,2028-11-19
SKU00730,Metformin,Antidiabetic,10mg,Tablet,May & Baker,11531,14555.97,29,37,BT878104,Emzor Pharmaceuticals,D3,2030-02-13
SKU00731,Methyldopa,Antihypertensive,50mg,Tablet,Juhel,18781,23178.89,700,70,BT364795,Fidson Healthcare,C2,2027-01-22
SKU00732,Amiodarone,General Medicine,10mg,Capsule,Juhel,6528,10222.08,775,52,BT399939,Fidson Healthcare,B2,2027-09-29
SKU00733,Amlodipine,Antihypertensive,25mg,Tablet,Swiss Pharma,2086,3000.31,859,44,BT515359,Fidson Healthcare,C1,2028-10-07
SKU00734,Vitamin B Complex,General Medicine,25mg,Capsule,May & Baker,5736,9033.58,74,36,BT699060,May & Baker Nigeria,C1,2029-11-04
SKU00735,Bupropion,Psychiatric,100mg,Tablet,Pfizer,9649,11831.94,168,43,BT386622,Drugfield Pharmaceuticals,C1,2027-07-25
SKU00736,Flucloxacillin,Antibiotic,125mg,Capsule,Evans,18101,26996.4,166,68,BT813400,Swiss Pharma Nigeria,D3,2027-12-10
SKU00737,Enoxaparin,Anticoagulant,40mg,Tablet,Evans,18290,24719.11,528,55,BT232418,Emzor Pharmaceuticals,C2,2028-12-22
SKU00738,Clotrimazole,Antifungal,200mg,Capsule,Pfizer,8425,11863.23,747,93,BT809730,Evans Medical,A3,2030-05-20
SKU00739,Lamotrigine,Antiepileptic,100mg,Capsule,Neimeth,13649,20270.15,124,38,BT339748,Evans Medical,A3,2030-02-18
SKU00740,Ibuprofen,NSAID,200mg,Tablet,GSK,12408,14683.5,732,76,BT603456,May & Baker Nigeria,D2,2029-04-22
SKU00741,Hydroxychloroquine,Antimalarial,200mg,Injection,May & Baker,11613,16443.33,416,95,BT243814,Emzor Pharmaceuticals,D3,2027-02-28
SKU00742,Enoxaparin,Anticoagulant,10mg,Injection,Evans,6037,7772.96,611,26,BT201260,Drugfield Pharmaceuticals,A3,2030-03-07
SKU00743,Lansoprazole,Antifungal,150mg,Cream,Emzor,18351,23738.54,557,26,BT108056,Drugfield Pharmaceuticals,D1,2028-11-29
SKU00744,Citalopram,Psychiatric,10mg,Tablet,Fidson,19909,28248.1,930,42,BT979610,Fidson Healthcare,D1,2027-05-07
SKU00745,Insulin Aspart,Antidiabetic,10mg,Injection,Emzor,18113,24447.41,962,49,BT156269,Swiss Pharma Nigeria,A1,2028-08-21
SKU00746,Allopurinol,General Medicine,100mg,Tablet,Pfizer,16022,23840.53,607,98,BT633759,Emzor Pharmaceuticals,A1,2029-09-17
SKU00747,Dorzolamide,General Medicine,5mg,Capsule,Juhel,174,267.33,518,99,BT439013,Drugfield Pharmaceuticals,C3,2028-04-29
SKU00748,Haloperidol,Psychiatric,50mg,Tablet,Juhel,16709,21271.93,637,50,BT523865,Fidson Healthcare,C3,2027-06-27
SKU00749,Doxycycline,Antibiotic,250mg,Capsule,GSK,2298,2887.72,539,87,BT745555,Evans Medical,D2,2030-03-28
SKU00750,Paracetamol,Analgesic,650mg,Injection,Swiss Pharma,8229,12665.03,868,65,BT501665,May & Baker Nigeria,A3,2027-04-04
SKU00751,Allopurinol,General Medicine,25mg,Tablet,Pfizer,990,1263.75,959,57,BT148559,Evans Medical,B1,2029-01-12
SKU00752,Quetiapine,Psychiatric,10mg,Tablet,Fidson,10621,16567.39,470,37,BT818988,Fidson Healthcare,A2,2028-12-09
SKU00753,Zinc Sulphate,General Medicine,10mg,Tablet,Neimeth,15825,18790.5,32,75,BT270305,Swiss Pharma Nigeria,B2,2029-06-06
SKU00754,Losartan,Antihypertensive,10mg,Tablet,GSK,5128,6156.66,858,47,BT338130,Emzor Pharmaceuticals,C2,2030-03-07
SKU00755,Diphenhydramine,Antihistamine,10mg,Tablet,GSK,3076,3895.66,972,94,BT223874,May & Baker Nigeria,B3,2027-12-27
SKU00756,Atorvastatin,Statin,20mg,Tablet,Fidson,14197,18086.02,751,48,BT637061,Drugfield Pharmaceuticals,D2,2029-01-27
SKU00757,Ondansetron,General Medicine,10mg,Tablet,May & Baker,1026,1609.75,598,49,BT990446,Evans Medical,D1,2029-03-03
SKU00758,Propranolol,Antihypertensive,100mg,Tablet,Swiss Pharma,8436,12725.27,645,81,BT880833,Drugfield Pharmaceuticals,A3,2027-03-05
SKU00759,Ketoconazole,Antifungal,500mg,Capsule,Drugfield,11745,17262.0,152,72,BT700464,Fidson Healthcare,A1,2027-03-10
SKU00760,Rifampicin,Antibiotic,1g,Injection,Fidson,5245,7428.79,557,73,BT722197,Emzor Pharmaceuticals,B2,2029-05-28
SKU00761,Lumefantrine,Antimalarial,200mg,Tablet,Evans,11554,16123.07,366,49,BT866584,Fidson Healthcare,B2,2028-04-03
SKU00762,Finasteride,General Medicine,5mg,Tablet,May & Baker,19304,25142.55,540,99,BT155879,May & Baker Nigeria,B3,2029-11-29
SKU00763,Enoxaparin,Anticoagulant,20mg,Injection,Evans,19301,26578.61,900,82,BT403386,May & Baker Nigeria,A2,2026-12-06
SKU00764,Cyclosporine,General Medicine,50mg,Tablet,Emzor,18376,24623.48,201,93,BT619652,May & Baker Nigeria,B2,2027-06-20
SKU00765,Hydralazine,Antihypertensive,2.5mg,Tablet,GSK,7841,9884.91,263,97,BT304053,Fidson Healthcare,A3,2027-08-03
SKU00766,Chloroquine,Antimalarial,200mg,Tablet,Swiss Pharma,19658,30027.78,845,25,BT663956,Drugfield Pharmaceuticals,B2,2027-02-27
SKU00767,Lamotrigine,Antiepileptic,500mg,Capsule,GSK,10705,15202.61,152,51,BT185969,Drugfield Pharmaceuticals,A3,2028-12-31
SKU00768,Dorzolamide,General Medicine,50mg,Tablet,GSK,2369,3327.26,894,89,BT191849,Evans Medical,B2,2030-03-14
SKU00769,Enoxaparin,Anticoagulant,40mg,Injection,Swiss Pharma,17610,27232.33,190,84,BT507245,Swiss Pharma Nigeria,B1,2027-09-13
SKU00770,Piperacillin,Antibiotic,500mg,Capsule,May & Baker,11411,14829.58,474,64,BT117820,Swiss Pharma Nigeria,B2,2026-11-20
SKU00771,Dorzolamide,General Medicine,5mg,Tablet,Fidson,19073,26592.83,388,40,BT809725,Swiss Pharma Nigeria,B2,2028-08-14
SKU00772,Vitamin C,General Medicine,50mg,Capsule,Emzor,12390,17026.74,504,74,BT585683,Evans Medical,D1,2029-04-04
SKU00773,Venlafaxine,Psychiatric,10mg,Tablet,Evans,1459,2161.5,170,23,BT116633,Fidson Healthcare,D2,2029-05-06
SKU00774,Budesonide,Respiratory,2mg,Tablet,Juhel,4349,6749.81,274,82,BT640065,Fidson Healthcare,A3,2029-03-24
SKU00775,Salbutamol,Respiratory,4mg,Nebule,Emzor,10984,13131.68,313,96,BT980142,Drugfield Pharmaceuticals,C2,2028-02-14
SKU00776,Morphine,Analgesic,500mg,Tablet,Evans,5689,8360.3,649,33,BT833936,Emzor Pharmaceuticals,B2,2028-12-25
SKU00777,Insulin Glargine,Antidiabetic,1000mg,Tablet,May & Baker,5187,7831.37,882,78,BT905191,Fidson Healthcare,C2,2028-07-17
SKU00778,Clonazepam,Psychiatric,100mg,Tablet,Fidson,11222,16120.44,454,92,BT205326,Swiss Pharma Nigeria,C1,2030-02-04
SKU00779,Clonazepam,Psychiatric,5mg,Tablet,Pfizer,17071,21157.49,609,96,BT740295,Fidson Healthcare,B1,2029-09-11
SKU00780,Vitamin C,General Medicine,50mg,Capsule,Neimeth,5889,8019.41,290,37,BT146811,May & Baker Nigeria,D3,2029-04-06
SKU00781,Haloperidol,Psychiatric,5mg,Tablet,Swiss Pharma,13034,20339.79,967,30,BT108922,Emzor Pharmaceuticals,D2,2030-07-03
SKU00782,Meropenem,Antibiotic,500mg,Injection,Fidson,17676,20677.2,627,80,BT282681,Emzor Pharmaceuticals,D2,2028-09-10
SKU00783,Vancomycin,Antibiotic,250mg,Capsule,Neimeth,8693,12513.2,361,38,BT968342,Drugfield Pharmaceuticals,B1,2029-04-06
SKU00784,Ibuprofen,NSAID,200mg,Gel,Pfizer,1323,2025.99,639,93,BT787054,Fidson Healthcare,A2,2027-12-17
SKU00785,Losartan,Antihypertensive,100mg,Tablet,Swiss Pharma,15538,23371.48,227,28,BT924525,Emzor Pharmaceuticals,C3,2027-02-11
SKU00786,Carbidopa,General Medicine,50mg,Capsule,GSK,4308,5970.55,411,93,BT733756,Evans Medical,A2,2028-08-27
SKU00787,Cefixime,Antibiotic,250mg,Suspension,Emzor,19514,29865.07,115,20,BT668394,May & Baker Nigeria,B3,2029-10-16
SKU00788,Vancomycin,Antibiotic,500mg,Tablet,GSK,1319,1812.05,146,63,BT673784,Emzor Pharmaceuticals,B1,2027-05-03
SKU00789,Metronidazole,Antifungal,500mg,Tablet,Fidson,11395,14290.26,509,52,BT905446,Emzor Pharmaceuticals,D2,2030-04-06
SKU00790,Artemether,Antimalarial,50mg,Injection,May & Baker,8519,11624.61,207,76,BT687112,May & Baker Nigeria,D2,2026-12-04
SKU00791,Metformin,Antidiabetic,1000mg,Injection,Emzor,7655,10132.85,731,48,BT333391,Drugfield Pharmaceuticals,C2,2029-07-03
SKU00792,Carbamazepine,Antiepileptic,100mg,Capsule,Fidson,13736,21371.96,994,99,BT361979,May & Baker Nigeria,A1,2027-10-13
SKU00793,Cefixime,Antibiotic,625mg,Suspension,Neimeth,6102,7202.32,970,63,BT889078,Fidson Healthcare,A2,2028-11-01
SKU00794,Nifedipine,Antihypertensive,5mg,Tablet,May & Baker,9761,12649.05,115,86,BT841037,Drugfield Pharmaceuticals,D3,2027-11-07
SKU00795,Tamsulosin,General Medicine,5mg,Capsule,Fidson,17865,24710.31,882,28,BT507057,Fidson Healthcare,C2,2030-03-13
SKU00796,Vitamin D3,General Medicine,25mg,Tablet,Pfizer,17310,23751.05,298,96,BT255709,Evans Medical,B3,2027-12-22
SKU00797,Finasteride,General Medicine,5mg,Tablet,Fidson,3750,5459.33,426,33,BT218951,Swiss Pharma Nigeria,C2,2028-04-02
SKU00798,Itraconazole,Antifungal,100mg,Cream,Neimeth,6580,10424.67,462,98,BT210716,May & Baker Nigeria,C3,2027-06-12
SKU00799,Amoxicillin,Antibiotic,125mg,Tablet,GSK,10969,14020.02,721,55,BT694486,May & Baker Nigeria,D2,2028-06-16
SKU00800,Acetazolamide,General Medicine,50mg,Tablet,Emzor,3559,4915.97,77,46,BT361573,Fidson Healthcare,A3,2029-01-26
SKU00801,Nifedipine,Antihypertensive,10mg,Tablet,Evans,7919,10876.47,67,52,BT774844,May & Baker Nigeria,B3,2027-12-06
SKU00802,Ferrous Sulphate,General Medicine,100mg,Capsule,Evans,17957,26257.01,511,57,BT428470,May & Baker Nigeria,C1,2026-12-06
SKU00803,Morphine,Analgesic,650mg,Tablet,GSK,6955,10979.87,840,24,BT112614,Emzor Pharmaceuticals,D1,2027-05-21
SKU00804,Tranexamic Acid,General Medicine,10mg,Capsule,Evans,11518,13317.32,635,41,BT532238,Emzor Pharmaceuticals,A1,2030-03-20
SKU00805,Amlodipine,Antihypertensive,25mg,Tablet,Juhel,7849,9588.91,458,46,BT671160,Evans Medical,C2,2027-05-07
SKU00806,Hydralazine,Antihypertensive,10mg,Tablet,Swiss Pharma,13449,20167.74,345,52,BT559857,Swiss Pharma Nigeria,B3,2026-11-26
SKU00807,Budesonide,Respiratory,4mg,Nebule,Emzor,3841,5238.75,554,56,BT134721,Emzor Pharmaceuticals,C1,2026-12-01
SKU00808,Clarithromycin,Antibiotic,625mg,Suspension,Pfizer,17338,20078.95,530,38,BT721108,Fidson Healthcare,A3,2028-06-07
SKU00809,Cimetidine,General Medicine,5mg,Tablet,Pfizer,7735,9436.34,40,20,BT792284,Swiss Pharma Nigeria,C2,2028-01-15
SKU00810,Lumefantrine,Antimalarial,200mg,Injection,Fidson,1508,2254.32,150,24,BT862125,Drugfield Pharmaceuticals,D3,2028-01-16
SKU00811,Levodopa,General Medicine,50mg,Capsule,May & Baker,19921,25209.0,460,43,BT660632,May & Baker Nigeria,C1,2028-07-14
SKU00812,Ipratropium,Respiratory,100mcg,Tablet,Fidson,10996,17302.37,555,32,BT583552,Swiss Pharma Nigeria,A1,2028-08-01
SKU00813,Zinc Sulphate,General Medicine,100mg,Tablet,Fidson,8116,10887.21,187,97,BT702849,Emzor Pharmaceuticals,A1,2027-12-18
SKU00814,Clonazepam,Psychiatric,5mg,Tablet,Evans,11406,15228.16,525,95,BT904782,May & Baker Nigeria,D1,2028-07-25
SKU00815,Erythromycin,Antibiotic,125mg,Injection,Drugfield,4761,6333.08,691,97,BT323021,Fidson Healthcare,B2,2027-05-10
SKU00816,Pyrimethamine,Antimalarial,200mg,Injection,Swiss Pharma,4972,7748.02,616,90,BT555873,Swiss Pharma Nigeria,A2,2029-07-07
SKU00817,Valacyclovir,Antiviral,200mg,Capsule,Fidson,10302,13884.78,306,69,BT874822,Emzor Pharmaceuticals,C1,2030-03-11
SKU00818,Bromocriptine,General Medicine,100mg,Tablet,Drugfield,14946,18530.19,529,86,BT273288,Emzor Pharmaceuticals,D2,2030-02-23
SKU00819,Allopurinol,General Medicine,100mg,Tablet,Fidson,19491,25625.07,846,83,BT183301,May & Baker Nigeria,B2,2030-01-28
SKU00820,Metformin,Antidiabetic,25mg,Tablet,Fidson,19810,22884.68,835,53,BT562615,May & Baker Nigeria,C3,2029-08-22
SKU00821,Metronidazole,Antifungal,200mg,Capsule,May & Baker,16753,25277.32,71,59,BT718609,Drugfield Pharmaceuticals,A1,2027-09-12
SKU00822,Propylthiouracil,General Medicine,25mg,Tablet,Juhel,13454,18193.53,819,77,BT504902,Drugfield Pharmaceuticals,B3,2028-06-12
SKU00823,Itraconazole,Antifungal,500mg,Tablet,Fidson,2172,2935.93,432,46,BT657335,Drugfield Pharmaceuticals,B1,2029-07-07
SKU00824,Rifampicin,Antibiotic,250mg,Tablet,May & Baker,18212,27502.87,654,42,BT272770,Drugfield Pharmaceuticals,A3,2028-01-26
SKU00825,Cefixime,Antibiotic,1g,Capsule,Pfizer,17890,21040.15,446,58,BT607544,Drugfield Pharmaceuticals,C3,2027-11-10
SKU00826,Moxifloxacin,Antibiotic,500mg,Tablet,Juhel,8511,11341.47,647,87,BT166539,Fidson Healthcare,C1,2029-08-25
SKU00827,Magnesium Sulphate,General Medicine,10mg,Capsule,Swiss Pharma,12920,16384.41,447,30,BT627202,May & Baker Nigeria,D3,2028-10-26
SKU00828,Rivastigmine,General Medicine,50mg,Tablet,Swiss Pharma,112,178.49,112,59,BT132269,Swiss Pharma Nigeria,A2,2027-07-17
SKU00829,Itraconazole,Antifungal,100mg,Cream,Emzor,16243,25444.57,332,71,BT302381,Swiss Pharma Nigeria,B2,2029-10-15
SKU00830,Rivaroxaban,Anticoagulant,5mg,Injection,Juhel,19838,31514.86,780,92,BT604521,Drugfield Pharmaceuticals,C3,2029-12-15
SKU00831,Empagliflozin,Antidiabetic,1000mg,Injection,Pfizer,7628,11741.32,3,94,BT702776,Emzor Pharmaceuticals,A2,2027-06-07
SKU00832,Magnesium Hydroxide,General Medicine,25mg,Tablet,Evans,4898,7179.14,675,81,BT574610,Fidson Healthcare,D1,2030-05-27
SKU00833,Amoxicillin,Antibiotic,250mg,Tablet,Fidson,7004,10155.05,653,100,BT816322,Fidson Healthcare,B2,2030-05-23
SKU00834,Fluoxetine,Psychiatric,10mg,Tablet,Evans,16581,23782.04,994,21,BT160445,Evans Medical,B3,2028-06-21
SKU00835,Bupropion,Psychiatric,25mg,Tablet,May & Baker,3653,4598.65,823,59,BT510072,May & Baker Nigeria,D1,2027-10-10
SKU00836,Atorvastatin,Statin,10mg,Tablet,Neimeth,2715,4327.92,545,63,BT805607,Fidson Healthcare,A2,2028-12-01
SKU00837,Amitriptyline,Psychiatric,5mg,Tablet,GSK,1367,1871.34,628,75,BT645284,Drugfield Pharmaceuticals,B2,2028-02-22
SKU00838,Escitalopram,Psychiatric,100mg,Tablet,Evans,3550,4898.06,539,27,BT570471,Emzor Pharmaceuticals,A1,2029-12-06
SKU00839,Methyldopa,Antihypertensive,10mg,Tablet,Pfizer,16197,21165.48,433,67,BT429087,May & Baker Nigeria,A2,2028-02-01
SKU00840,Methylprednisolone,Corticosteroid,100mg,Injection,Drugfield,3878,6039.55,284,98,BT559830,Swiss Pharma Nigeria,C2,2027-11-24
SKU00841,Bupropion,Psychiatric,100mg,Tablet,Pfizer,3729,4610.71,558,68,BT767734,Emzor Pharmaceuticals,D1,2029-03-23
SKU00842,Cefotaxime,Antibiotic,125mg,Suspension,Emzor,13986,18862.36,217,30,BT661304,Fidson Healthcare,B3,2029-08-17
SKU00843,Gabapentin,Antiepileptic,100mg,Tablet,Pfizer,15050,22708.23,452,42,BT952548,May & Baker Nigeria,D2,2026-11-08
SKU00844,Cimetidine,General Medicine,50mg,Capsule,Emzor,10773,16381.06,107,66,BT878704,Swiss Pharma Nigeria,A3,2029-07-08
SKU00845,Ramipril,Antihypertensive,10mg,Tablet,Juhel,5377,6936.69,970,31,BT148989,May & Baker Nigeria,C2,2026-12-26
SKU00846,Morphine,Analgesic,650mg,Syrup,Drugfield,17317,21612.79,841,45,BT335879,Fidson Healthcare,D3,2028-08-28
SKU00847,Pregabalin,Antiepileptic,100mg,Tablet,Swiss Pharma,469,651.89,453,75,BT502160,Emzor Pharmaceuticals,C3,2030-01-16
SKU00848,Escitalopram,Psychiatric,5mg,Tablet,GSK,9761,13619.06,370,75,BT628668,Emzor Pharmaceuticals,C2,2027-01-26
SKU00849,Mirtazapine,Psychiatric,10mg,Tablet,Evans,15324,19572.6,741,52,BT826155,Drugfield Pharmaceuticals,C1,2028-06-13
SKU00850,Valsartan,Antihypertensive,2.5mg,Tablet,May & Baker,18563,23501.64,234,79,BT456176,Emzor Pharmaceuticals,B1,2030-05-15
SKU00851,Lumefantrine,Antimalarial,200mg,Tablet,Emzor,13006,16546.01,871,73,BT983806,Evans Medical,B2,2029-04-05
SKU00852,Simvastatin,Statin,10mg,Tablet,May & Baker,15815,19574.4,838,56,BT648459,May & Baker Nigeria,B3,2029-06-26
SKU00853,Cefixime,Antibiotic,1g,Injection,Pfizer,4156,5568.48,252,71,BT462997,Drugfield Pharmaceuticals,A3,2029-10-27
SKU00854,Imipenem,Antibiotic,250mg,Injection,GSK,13157,20088.43,480,20,BT811189,Emzor Pharmaceuticals,C1,2027-02-09
SKU00855,Methyldopa,Antihypertensive,100mg,Tablet,Pfizer,5845,9201.53,806,77,BT309978,Drugfield Pharmaceuticals,A1,2030-04-19
SKU00856,Clotrimazole,Antifungal,100mg,Tablet,Evans,12242,19209.98,529,24,BT552330,May & Baker Nigeria,B2,2028-12-29
SKU00857,Propylthiouracil,General Medicine,5mg,Tablet,Emzor,12552,19605.19,298,65,BT851067,Emzor Pharmaceuticals,D2,2028-09-04
SKU00858,Amlodipine,Antihypertensive,2.5mg,Tablet,Fidson,7075,10888.19,651,88,BT787526,Emzor Pharmaceuticals,D3,2029-10-06
SKU00859,Clonazepam,Psychiatric,100mg,Tablet,Neimeth,12885,18394.44,15,75,BT479563,Fidson Healthcare,C2,2029-09-22
SKU00860,Pregabalin,Antiepileptic,500mg,Tablet,Neimeth,17250,26661.89,463,40,BT380657,May & Baker Nigeria,D3,2028-12-12
SKU00861,Terbinafine,Antifungal,200mg,Cream,Neimeth,6444,8631.99,526,42,BT956769,Swiss Pharma Nigeria,B3,2030-01-24
SKU00862,Metformin,Antidiabetic,1000mg,Tablet,Pfizer,10330,15669.7,198,97,BT412910,Fidson Healthcare,B2,2028-10-24
SKU00863,Sodium Valproate,Antiepileptic,500mg,Tablet,Neimeth,16354,21221.47,179,47,BT401250,Swiss Pharma Nigeria,B1,2028-01-05
SKU00864,Timolol,Antihypertensive,50mg,Tablet,Fidson,8176,12991.99,357,32,BT728398,May & Baker Nigeria,D2,2029-06-21
SKU00865,Amiodarone,General Medicine,100mg,Capsule,Emzor,10389,15179.11,413,95,BT930942,Emzor Pharmaceuticals,A2,2029-01-07
SKU00866,Sulfasalazine,General Medicine,10mg,Capsule,Drugfield,10550,13582.8,772,87,BT678313,Swiss Pharma Nigeria,C3,2027-08-06
SKU00867,Meloxicam,NSAID,50mg,Gel,Drugfield,17462,25145.25,146,57,BT308089,Fidson Healthcare,B3,2027-05-22
SKU00868,Levodopa,General Medicine,25mg,Capsule,Fidson,3859,5210.33,185,90,BT710013,Swiss Pharma Nigeria,C3,2030-04-24
SKU00869,Pyrimethamine,Antimalarial,50mg,Tablet,Neimeth,8335,11945.94,508,74,BT665330,Swiss Pharma Nigeria,B2,2026-12-10
SKU00870,Linezolid,Antibiotic,125mg,Capsule,May & Baker,17180,22019.66,604,53,BT486776,Emzor Pharmaceuticals,D2,2029-08-07
SKU00871,Digoxin,General Medicine,10mg,Tablet,Swiss Pharma,288,394.18,123,52,BT672552,May & Baker Nigeria,D3,2028-01-02
SKU00872,Salbutamol,Respiratory,4mg,Tablet,May & Baker,6237,8497.82,517,38,BT403080,Drugfield Pharmaceuticals,D1,2030-07-08
SKU00873,Bupropion,Psychiatric,100mg,Tablet,Pfizer,8923,12539.5,493,44,BT659158,Swiss Pharma Nigeria,D1,2026-10-22
SKU00874,Lamotrigine,Antiepileptic,300mg,Capsule,Swiss Pharma,8677,10632.98,392,36,BT603079,Emzor Pharmaceuticals,C3,2028-10-30
SKU00875,Memantine,General Medicine,50mg,Capsule,Pfizer,15262,20423.68,780,20,BT817569,Evans Medical,A2,2028-10-17
SKU00876,Tacrolimus,General Medicine,50mg,Capsule,Fidson,6865,8881.65,891,43,BT882857,Evans Medical,D1,2030-04-04
SKU00877,Insulin Glargine,Antidiabetic,25mg,Injection,Pfizer,9122,10843.05,35,92,BT332219,Swiss Pharma Nigeria,B2,2029-09-24
SKU00878,Doxycycline,Antibiotic,125mg,Injection,Swiss Pharma,13008,15366.06,548,90,BT558975,Drugfield Pharmaceuticals,D1,2030-04-23
SKU00879,Gliclazide,Antidiabetic,500mg,Injection,Juhel,17401,22997.27,245,86,BT623440,Fidson Healthcare,C1,2028-05-05
SKU00880,Metronidazole,Antifungal,200mg,Tablet,Juhel,7662,9354.61,81,41,BT415218,Swiss Pharma Nigeria,A3,2027-10-20
SKU00881,Magnesium Sulphate,General Medicine,25mg,Capsule,Pfizer,873,1005.81,910,42,BT383796,Drugfield Pharmaceuticals,D2,2028-10-15
SKU00882,Escitalopram,Psychiatric,50mg,Tablet,Neimeth,3777,5302.7,273,85,BT537018,Emzor Pharmaceuticals,A1,2027-11-25
SKU00883,Haloperidol,Psychiatric,10mg,Tablet,GSK,4559,5964.68,263,62,BT861583,Drugfield Pharmaceuticals,A3,2028-08-11
SKU00884,Lorazepam,Psychiatric,5mg,Tablet,Neimeth,5670,8325.83,336,93,BT206056,Swiss Pharma Nigeria,A1,2026-11-25
SKU00885,Linezolid,Antibiotic,250mg,Suspension,Fidson,3278,4981.79,923,76,BT981584,May & Baker Nigeria,B3,2028-11-03
SKU00886,Cyclosporine,General Medicine,25mg,Tablet,Juhel,4487,6409.07,772,28,BT820356,Emzor Pharmaceuticals,B3,2027-04-28
SKU00887,Dapagliflozin,Antidiabetic,10mg,Tablet,Evans,517,670.39,203,58,BT474007,Drugfield Pharmaceuticals,D1,2029-01-31
SKU00888,Meloxicam,NSAID,200mg,Tablet,Emzor,17910,21076.61,169,30,BT886194,May & Baker Nigeria,A3,2027-02-08
SKU00889,Cimetidine,General Medicine,25mg,Tablet,Fidson,2237,3076.86,907,97,BT212826,Fidson Healthcare,A2,2027-02-06
SKU00890,Celecoxib,NSAID,500mg,Capsule,Evans,8302,12701.47,950,84,BT594991,Evans Medical,B1,2026-11-12
SKU00891,Ampicillin,Antibiotic,250mg,Suspension,Emzor,5271,6715.3,40,63,BT956320,Evans Medical,D2,2030-03-21
SKU00892,Salbutamol,Respiratory,4mg,Tablet,Emzor,6921,8670.92,457,77,BT535179,Evans Medical,A2,2027-11-04
SKU00893,Allopurinol,General Medicine,50mg,Tablet,GSK,9875,13043.27,579,81,BT203031,May & Baker Nigeria,B3,2029-05-01
SKU00894,Topiramate,Antiepileptic,200mg,Capsule,Drugfield,17397,21880.79,462,88,BT647064,Fidson Healthcare,C1,2027-04-02
SKU00895,Chlorpheniramine,Antihistamine,4mg,Tablet,Swiss Pharma,256,402.31,798,21,BT841255,Fidson Healthcare,A2,2028-01-14
SKU00896,Chlorpheniramine,Antihistamine,10mg,Syrup,Juhel,19903,30575.62,492,81,BT695075,May & Baker Nigeria,B3,2030-07-02
SKU00897,Gentamicin,General Medicine,100mg,Capsule,Fidson,3827,5470.12,910,93,BT106247,May & Baker Nigeria,A1,2027-03-16
SKU00898,Enoxaparin,Anticoagulant,10mg,Tablet,Evans,2498,3134.42,105,47,BT724095,May & Baker Nigeria,B2,2029-04-12
SKU00899,Clonazepam,Psychiatric,5mg,Tablet,Fidson,8545,10569.69,939,55,BT762929,Emzor Pharmaceuticals,B1,2027-01-11
SKU00900,Insulin Aspart,Antidiabetic,850mg,Injection,GSK,19537,29083.56,685,100,BT968173,May & Baker Nigeria,A3,2027-05-27
SKU00901,Vitamin D3,General Medicine,25mg,Tablet,Fidson,19304,24654.91,847,64,BT804189,Drugfield Pharmaceuticals,A2,2028-04-27
SKU00902,Mirtazapine,Psychiatric,10mg,Tablet,Swiss Pharma,6373,7448.27,558,58,BT857727,May & Baker Nigeria,A1,2027-05-10
SKU00903,Dexamethasone,Corticosteroid,40mg,Tablet,Neimeth,1509,1893.22,33,60,BT193815,Swiss Pharma Nigeria,C2,2028-05-20
SKU00904,Enoxaparin,Anticoagulant,20mg,Injection,Swiss Pharma,13647,18499.04,918,46,BT644794,Swiss Pharma Nigeria,C2,2028-06-10
SKU00905,Oxybutynin,General Medicine,100mg,Capsule,Drugfield,338,454.74,20,93,BT953600,Drugfield Pharmaceuticals,C1,2027-10-19
SKU00906,Bisoprolol,Antihypertensive,10mg,Tablet,Pfizer,8765,10601.44,901,61,BT538124,May & Baker Nigeria,C2,2027-07-16
SKU00907,Rivastigmine,General Medicine,25mg,Tablet,Pfizer,19855,25292.64,709,70,BT531341,Fidson Healthcare,B3,2029-01-31
SKU00908,Lorazepam,Psychiatric,5mg,Tablet,Drugfield,19077,25472.07,742,23,BT423816,May & Baker Nigeria,B2,2028-01-10
SKU00909,Vitamin D3,General Medicine,5mg,Capsule,Fidson,18934,26714.04,67,77,BT590114,Fidson Healthcare,C2,2029-05-14
SKU00910,Aspirin,General Medicine,50mg,Tablet,Pfizer,6665,8836.92,901,34,BT980596,Drugfield Pharmaceuticals,D2,2028-03-16
SKU00911,Glimepiride,Antidiabetic,850mg,Injection,May & Baker,14218,19375.28,239,92,BT512343,May & Baker Nigeria,D1,2030-03-21
SKU00912,Atenolol,Antihypertensive,10mg,Tablet,Swiss Pharma,1449,2097.45,515,60,BT438870,Swiss Pharma Nigeria,B2,2028-11-27
SKU00913,Pioglitazone,Antidiabetic,1000mg,Injection,May & Baker,10957,14892.02,475,47,BT336809,May & Baker Nigeria,D2,2027-12-01
SKU00914,Atenolol,Antihypertensive,5mg,Tablet,Drugfield,12055,19252.38,28,73,BT677248,Drugfield Pharmaceuticals,B2,2029-08-21
SKU00915,Meloxicam,NSAID,400mg,Gel,Pfizer,11747,14201.43,868,93,BT241600,Drugfield Pharmaceuticals,B2,2027-07-20
SKU00916,Sildenafil,General Medicine,100mg,Capsule,Swiss Pharma,11342,14193.21,713,35,BT350498,Evans Medical,B1,2028-10-28
SKU00917,Budesonide,Respiratory,4mg,Nebule,Emzor,18427,27623.37,268,48,BT367348,Swiss Pharma Nigeria,B2,2027-07-20
SKU00918,Insulin Glargine,Antidiabetic,1000mg,Tablet,May & Baker,16836,24428.26,39,75,BT410545,Fidson Healthcare,C3,2027-10-28
SKU00919,Duloxetine,Psychiatric,10mg,Tablet,Fidson,11450,14150.9,469,50,BT367560,Drugfield Pharmaceuticals,B1,2027-05-06
SKU00920,Levothyroxine,General Medicine,100mg,Capsule,Juhel,9645,12765.88,487,90,BT374588,Fidson Healthcare,C2,2027-01-21
SKU00921,Sodium Valproate,Antiepileptic,500mg,Tablet,Drugfield,11046,15696.67,512,75,BT156285,Drugfield Pharmaceuticals,D2,2028-02-17
SKU00922,Hydroxychloroquine,Antimalarial,200mg,Injection,Juhel,18396,29149.31,69,31,BT255779,Swiss Pharma Nigeria,B2,2027-05-02
SKU00923,Nitroglycerin,General Medicine,50mg,Capsule,Evans,11240,16913.47,790,23,BT196987,Evans Medical,A2,2026-10-26
SKU00924,Dabigatran,Anticoagulant,10mg,Injection,Pfizer,16635,20157.84,435,40,BT683091,Swiss Pharma Nigeria,C2,2027-06-11
SKU00925,Lamotrigine,Antiepileptic,200mg,Capsule,Swiss Pharma,9970,12348.62,263,35,BT383602,Swiss Pharma Nigeria,C3,2027-02-15
SKU00926,Simvastatin,Statin,40mg,Tablet,Juhel,16590,20219.13,695,37,BT409880,May & Baker Nigeria,C3,2028-10-17
SKU00927,Itraconazole,Antifungal,100mg,Cream,GSK,7605,10930.27,295,90,BT724450,Drugfield Pharmaceuticals,C3,2029-10-16
SKU00928,Naproxen,NSAID,100mg,Capsule,Emzor,18087,23393.71,518,46,BT774300,May & Baker Nigeria,D1,2029-04-21
SKU00929,Rivastigmine,General Medicine,100mg,Tablet,Pfizer,10526,14581.09,271,37,BT348623,Fidson Healthcare,A2,2028-05-29
SKU00930,Domperidone,General Medicine,25mg,Capsule,Drugfield,9225,13274.05,330,31,BT116313,May & Baker Nigeria,D2,2028-06-19
SKU00931,Rivastigmine,General Medicine,100mg,Capsule,Neimeth,18687,28567.8,453,94,BT366259,Drugfield Pharmaceuticals,D3,2027-06-08
SKU00932,Oxybutynin,General Medicine,5mg,Tablet,Drugfield,271,332.81,617,20,BT692379,May & Baker Nigeria,C3,2029-01-12
SKU00933,Carbimazole,Antifungal,200mg,Cream,Swiss Pharma,4138,5230.1,824,64,BT171572,Drugfield Pharmaceuticals,A1,2030-03-06
SKU00934,Ethambutol,Antibiotic,625mg,Tablet,Fidson,121,177.57,431,85,BT967495,Fidson Healthcare,C3,2029-04-13
SKU00935,Erythromycin,Antibiotic,1g,Injection,Neimeth,16117,21850.81,536,82,BT524201,Emzor Pharmaceuticals,B1,2028-12-16
SKU00936,Tadalafil,General Medicine,10mg,Capsule,Emzor,10325,14108.84,7,76,BT177220,May & Baker Nigeria,D1,2027-10-15
SKU00937,Insulin Regular,Antidiabetic,500mg,Tablet,Fidson,14210,19631.24,583,39,BT622069,Emzor Pharmaceuticals,C3,2028-05-09
SKU00938,Aspirin,General Medicine,10mg,Capsule,GSK,11907,16405.41,473,97,BT737447,Drugfield Pharmaceuticals,B1,2026-11-16
SKU00939,Diltiazem,Antihypertensive,2.5mg,Tablet,Emzor,14851,22008.84,359,64,BT273235,Drugfield Pharmaceuticals,D2,2030-02-20
SKU00940,Atenolol,Antihypertensive,50mg,Tablet,Fidson,15763,22510.05,957,88,BT290217,Emzor Pharmaceuticals,A1,2027-02-13
SKU00941,Flucloxacillin,Antibiotic,500mg,Tablet,Evans,17949,28448.59,464,100,BT670398,May & Baker Nigeria,A1,2026-11-17
SKU00942,Heparin,Anticoagulant,40mg,Injection,Pfizer,16349,20260.2,768,36,BT370061,May & Baker Nigeria,D2,2027-05-11
SKU00943,Vitamin B Complex,General Medicine,5mg,Capsule,Neimeth,4375,6858.71,632,43,BT627292,Drugfield Pharmaceuticals,C1,2029-11-03
SKU00944,Tinidazole,Antifungal,100mg,Tablet,Neimeth,17225,20681.25,965,71,BT407041,Evans Medical,B1,2027-10-16
SKU00945,Chloroquine,Antimalarial,200mg,Tablet,Swiss Pharma,11606,16479.03,344,38,BT698017,Emzor Pharmaceuticals,A3,2028-05-06
SKU00946,Pioglitazone,Antidiabetic,25mg,Tablet,Juhel,5883,8170.93,647,99,BT901344,May & Baker Nigeria,C2,2028-08-02
SKU00947,Pilocarpine,General Medicine,10mg,Tablet,Fidson,10813,16190.38,972,54,BT206219,Emzor Pharmaceuticals,B2,2027-05-11
SKU00948,Potassium Chloride,General Medicine,50mg,Capsule,GSK,15152,18119.06,441,43,BT932252,Evans Medical,C1,2029-10-13
SKU00949,Enoxaparin,Anticoagulant,40mg,Tablet,Juhel,619,767.14,43,66,BT826120,Drugfield Pharmaceuticals,A2,2028-07-31
SKU00950,Cefixime,Antibiotic,625mg,Capsule,Fidson,10568,13563.96,403,55,BT265674,Evans Medical,D1,2029-06-10
SKU00951,Risperidone,Psychiatric,100mg,Tablet,Pfizer,10399,12119.89,67,72,BT612702,Drugfield Pharmaceuticals,D2,2029-03-28
SKU00952,Pilocarpine,General Medicine,5mg,Capsule,Pfizer,16688,24440.06,65,49,BT446239,Fidson Healthcare,A2,2028-01-23
SKU00953,Magnesium Sulphate,General Medicine,100mg,Tablet,Pfizer,1398,2092.04,194,29,BT856973,Evans Medical,C3,2029-09-23
SKU00954,Esomeprazole,Antifungal,500mg,Tablet,GSK,11224,17584.28,238,96,BT486777,May & Baker Nigeria,B3,2027-07-21
SKU00955,Haloperidol,Psychiatric,5mg,Tablet,GSK,6804,8781.58,187,83,BT568941,Emzor Pharmaceuticals,B1,2028-03-08
SKU00956,Cyclosporine,General Medicine,25mg,Capsule,Juhel,17513,24264.39,723,91,BT329230,Evans Medical,C3,2027-09-29
SKU00957,Dorzolamide,General Medicine,5mg,Tablet,Evans,19043,22295.87,763,58,BT453015,Swiss Pharma Nigeria,C3,2027-01-13
SKU00958,Dabigatran,Anticoagulant,5mg,Injection,Fidson,12064,15084.11,805,95,BT964037,Emzor Pharmaceuticals,D2,2027-08-13
SKU00959,Gentamicin,General Medicine,100mg,Capsule,Fidson,14713,22933.13,294,21,BT513722,Evans Medical,C2,2028-12-23
SKU00960,Erythromycin,Antibiotic,250mg,Capsule,May & Baker,6177,7621.81,218,23,BT263607,Drugfield Pharmaceuticals,D1,2027-05-07
SKU00961,Budesonide,Respiratory,2mg,Tablet,Fidson,13465,19894.5,119,79,BT457809,Drugfield Pharmaceuticals,B2,2027-10-18
SKU00962,Lumefantrine,Antimalarial,100mg,Injection,Fidson,14103,16269.92,642,99,BT197670,Evans Medical,C2,2030-07-07
SKU00963,Paracetamol,Analgesic,650mg,Syrup,Pfizer,929,1374.4,179,71,BT130727,Emzor Pharmaceuticals,B3,2028-11-01
SKU00964,Lorazepam,Psychiatric,100mg,Tablet,Emzor,5868,7958.52,533,58,BT957673,May & Baker Nigeria,C3,2030-06-14
SKU00965,Paracetamol,Analgesic,1000mg,Syrup,Fidson,12746,15409.05,19,97,BT810783,Emzor Pharmaceuticals,D3,2027-10-05
SKU00966,Ketoconazole,Antifungal,150mg,Tablet,Drugfield,6622,8896.58,349,29,BT927503,Evans Medical,B2,2028-04-23
SKU00967,Pramipexole,General Medicine,5mg,Tablet,Neimeth,4105,4852.25,949,87,BT372556,May & Baker Nigeria,D3,2027-01-16
SKU00968,Enoxaparin,Anticoagulant,40mg,Injection,Fidson,2900,4224.25,493,64,BT212036,May & Baker Nigeria,D3,2029-04-25
SKU00969,Atenolol,Antihypertensive,2.5mg,Tablet,Fidson,11639,14191.91,590,78,BT698881,Evans Medical,B1,2028-09-26
SKU00970,Ramipril,Antihypertensive,5mg,Tablet,GSK,8766,10980.63,79,46,BT118664,May & Baker Nigeria,D3,2028-04-08
SKU00971,Citalopram,Psychiatric,25mg,Tablet,Swiss Pharma,10137,15957.4,376,30,BT137928,Evans Medical,B2,2027-10-01
SKU00972,Dabigatran,Anticoagulant,40mg,Injection,Swiss Pharma,11887,13951.5,317,28,BT132494,Emzor Pharmaceuticals,A3,2029-04-14
SKU00973,Duloxetine,Psychiatric,50mg,Tablet,Drugfield,974,1443.51,241,96,BT438617,Drugfield Pharmaceuticals,A2,2029-11-26
SKU00974,Risperidone,Psychiatric,50mg,Tablet,GSK,11050,14788.84,263,28,BT344895,Emzor Pharmaceuticals,D2,2029-04-03
SKU00975,Insulin Regular,Antidiabetic,850mg,Tablet,Fidson,8794,11586.96,695,26,BT474717,Drugfield Pharmaceuticals,B1,2029-01-15
SKU00976,Brimonidine,General Medicine,25mg,Tablet,Pfizer,17444,20211.77,314,61,BT141196,May & Baker Nigeria,C3,2028-11-28
SKU00977,Budesonide,Respiratory,4mg,Inhaler,GSK,11347,13838.56,778,86,BT186495,Emzor Pharmaceuticals,A1,2027-07-12
SKU00978,Haloperidol,Psychiatric,25mg,Tablet,Evans,600,945.59,484,100,BT225796,Evans Medical,A2,2028-06-09
SKU00979,Sertraline,Psychiatric,25mg,Tablet,May & Baker,19042,26253.34,142,21,BT658839,Evans Medical,C1,2029-08-16
SKU00980,Ketoconazole,Antifungal,100mg,Capsule,May & Baker,16494,24913.91,363,83,BT738210,May & Baker Nigeria,C1,2029-09-10
SKU00981,Carbimazole,Antifungal,150mg,Cream,Pfizer,7773,9083.16,275,40,BT805581,Evans Medical,A2,2028-04-05
SKU00982,Rivastigmine,General Medicine,100mg,Tablet,Evans,3111,3681.99,946,99,BT727741,Swiss Pharma Nigeria,A2,2027-04-06
SKU00983,Cefixime,Antibiotic,1g,Injection,GSK,13619,20598.19,733,94,BT965468,May & Baker Nigeria,C2,2027-08-08
SKU00984,Sulfasalazine,General Medicine,5mg,Tablet,May & Baker,7924,11274.3,347,89,BT119718,Evans Medical,B2,2028-07-23
SKU00985,Ceftriaxone,Antibiotic,500mg,Suspension,Swiss Pharma,15876,23466.94,306,96,BT554522,Drugfield Pharmaceuticals,A1,2027-11-12
SKU00986,Pantoprazole,Antifungal,200mg,Capsule,May & Baker,10975,13497.43,709,78,BT587699,Evans Medical,C2,2029-04-26
SKU00987,Betamethasone,Corticosteroid,40mg,Injection,Juhel,15126,19877.75,362,71,BT546200,Emzor Pharmaceuticals,D3,2029-08-12
SKU00988,Mebendazole,Antifungal,200mg,Tablet,Drugfield,4666,5810.47,130,26,BT181200,Emzor Pharmaceuticals,D3,2029-01-06
SKU00989,Empagliflozin,Antidiabetic,25mg,Injection,Juhel,1803,2776.73,182,99,BT495110,Fidson Healthcare,C2,2029-10-01
SKU00990,Simvastatin,Statin,80mg,Tablet,Neimeth,19989,25535.65,988,98,BT759116,Fidson Healthcare,A3,2030-02-26
SKU00991,Tramadol,Analgesic,650mg,Tablet,Drugfield,7918,11759.34,455,52,BT921397,Drugfield Pharmaceuticals,D1,2026-12-27
SKU00992,Empagliflozin,Antidiabetic,10mg,Tablet,Evans,4494,5529.66,341,63,BT298538,Evans Medical,A1,2029-09-25
SKU00993,Clonazepam,Psychiatric,25mg,Tablet,Pfizer,5736,7175.75,610,39,BT821547,Emzor Pharmaceuticals,D1,2030-06-06
SKU00994,Phenytoin,Antiepileptic,200mg,Tablet,Fidson,1997,3042.66,634,95,BT980732,Fidson Healthcare,B2,2027-11-13
SKU00995,Furosemide,Diuretic,100mg,Tablet,Juhel,7944,9871.23,756,54,BT702778,Emzor Pharmaceuticals,D2,2027-08-17
SKU00996,Colchicine,General Medicine,5mg,Tablet,Pfizer,17248,23622.64,58,57,BT773899,Emzor Pharmaceuticals,C1,2028-12-02
SKU00997,Pregabalin,Antiepileptic,100mg,Capsule,May & Baker,17130,27130.66,462,94,BT387563,May & Baker Nigeria,B1,2029-09-24
SKU00998,Donepezil,General Medicine,50mg,Capsule,GSK,14469,20484.62,39,29,BT139010,Evans Medical,B3,2028-11-09
SKU00999,Gabapentin,Antiepileptic,300mg,Capsule,Swiss Pharma,3760,6005.25,633,25,BT861059,Fidson Healthcare,D2,2029-06-18
SKU01000,Metformin,Antidiabetic,1000mg,Injection,GSK,10767,12805.84,282,28,BT799899,Drugfield Pharmaceuticals,C2,2030-06-07
SKU01001,Ferrous Sulphate,General Medicine,25mg,Tablet,Juhel,14147,18714.05,161,86,BT722009,May & Baker Nigeria,C3,2030-01-23
SKU01002,Brimonidine,General Medicine,100mg,Capsule,May & Baker,10225,15620.85,38,92,BT839552,May & Baker Nigeria,D1,2027-06-02
SKU01003,Calcium Carbonate,General Medicine,50mg,Tablet,Juhel,18254,25939.37,423,46,BT299421,May & Baker Nigeria,D2,2027-07-26
SKU01004,Methylprednisolone,Corticosteroid,4mg,Cream,Emzor,15802,20007.2,558,68,BT160904,Drugfield Pharmaceuticals,D1,2030-05-11
SKU01005,Azithromycin,Antibiotic,625mg,Suspension,Drugfield,10781,16744.79,873,80,BT625535,Emzor Pharmaceuticals,D2,2028-12-15
SKU01006,Prednisolone,Corticosteroid,40mg,Tablet,Pfizer,9647,12894.55,996,45,BT986476,Swiss Pharma Nigeria,B2,2028-08-15
SKU01007,Fexofenadine,Antihistamine,120mg,Syrup,Neimeth,17483,24493.28,447,81,BT151629,Emzor Pharmaceuticals,B2,2027-04-30
SKU01008,Metformin,Antidiabetic,1000mg,Tablet,Swiss Pharma,11715,17985.95,712,86,BT419316,Swiss Pharma Nigeria,B1,2029-07-24
SKU01009,Terbutaline,Respiratory,4mg,Tablet,Pfizer,18550,28066.16,125,50,BT603563,Emzor Pharmaceuticals,C1,2029-02-18
SKU01010,Metronidazole,Antifungal,150mg,Tablet,GSK,12551,15028.13,858,94,BT843043,Evans Medical,C3,2026-10-14
SKU01011,Latanoprost,General Medicine,50mg,Tablet,Swiss Pharma,16073,18779.23,728,81,BT775668,Swiss Pharma Nigeria,A3,2027-02-18
SKU01012,Tacrolimus,General Medicine,50mg,Capsule,Fidson,756,1169.93,625,22,BT217418,Fidson Healthcare,A3,2030-06-07
SKU01013,Praziquantel,General Medicine,50mg,Tablet,May & Baker,12811,14922.14,145,64,BT356610,May & Baker Nigeria,C2,2027-08-20
SKU01014,Ibuprofen,NSAID,100mg,Tablet,Swiss Pharma,14630,20044.1,224,26,BT266609,Drugfield Pharmaceuticals,B2,2028-11-02
SKU01015,Nystatin,Statin,20mg,Tablet,GSK,9270,11701.78,174,93,BT978874,Drugfield Pharmaceuticals,D2,2030-03-03
SKU01016,Paroxetine,Psychiatric,50mg,Tablet,Pfizer,2866,4195.42,340,84,BT489422,Swiss Pharma Nigeria,A2,2029-04-04
SKU01017,Fexofenadine,Antihistamine,4mg,Syrup,May & Baker,18047,28503.83,61,60,BT884691,Evans Medical,B3,2029-10-05
SKU01018,Dexamethasone,Corticosteroid,20mg,Injection,Neimeth,9647,12167.67,76,77,BT869306,Swiss Pharma Nigeria,A1,2028-03-29
SKU01019,Itraconazole,Antifungal,500mg,Capsule,Fidson,947,1256.38,843,94,BT767496,May & Baker Nigeria,B3,2030-02-06
SKU01020,Beclometasone,Respiratory,200mcg,Tablet,Emzor,14291,20011.95,321,52,BT327832,Drugfield Pharmaceuticals,D3,2028-09-28
SKU01021,Valacyclovir,Antiviral,400mg,Tablet,GSK,1083,1681.32,729,78,BT855277,May & Baker Nigeria,A3,2027-01-06
SKU01022,Acetazolamide,General Medicine,5mg,Tablet,Drugfield,19180,26621.57,417,79,BT223082,Evans Medical,B2,2027-11-22
SKU01023,Clopidogrel,Anticoagulant,40mg,Injection,Drugfield,18514,23160.25,307,99,BT271176,Drugfield Pharmaceuticals,C1,2027-11-11
SKU01024,Prednisolone,Corticosteroid,20mg,Cream,GSK,17101,26566.03,11,24,BT626814,Drugfield Pharmaceuticals,B2,2026-11-12
SKU01025,Quinine,Antimalarial,100mg,Tablet,Drugfield,17845,25347.82,409,89,BT195077,Swiss Pharma Nigeria,C2,2027-08-10
SKU01026,Beclometasone,Respiratory,200mcg,Nebule,Swiss Pharma,8175,9856.16,449,59,BT842494,May & Baker Nigeria,B3,2028-02-26
SKU01027,Telmisartan,Antihypertensive,2.5mg,Tablet,Juhel,15959,24836.47,700,53,BT629691,Fidson Healthcare,A3,2029-01-22
SKU01028,Clopidogrel,Anticoagulant,5mg,Injection,Juhel,2072,2928.59,669,50,BT383676,Evans Medical,D1,2029-01-05
SKU01029,Ciprofloxacin,Antibiotic,500mg,Capsule,Emzor,1972,2484.87,824,41,BT878875,Fidson Healthcare,B3,2030-02-02
SKU01030,Warfarin,Anticoagulant,5mg,Injection,Drugfield,5938,9441.28,205,83,BT231093,Emzor Pharmaceuticals,C3,2029-01-13
SKU01031,Enoxaparin,Anticoagulant,40mg,Tablet,Emzor,12250,15344.97,747,25,BT959232,May & Baker Nigeria,D2,2029-01-29
SKU01032,Cefixime,Antibiotic,125mg,Tablet,Swiss Pharma,16492,24327.56,579,28,BT317136,Drugfield Pharmaceuticals,B1,2029-07-24
SKU01033,Nitrofurantoin,General Medicine,100mg,Tablet,May & Baker,2623,3186.65,145,49,BT108962,Swiss Pharma Nigeria,D3,2027-08-14
SKU01034,Tadalafil,General Medicine,5mg,Tablet,Neimeth,5393,7392.11,170,23,BT431410,Emzor Pharmaceuticals,A2,2028-09-16
SKU01035,Pregabalin,Antiepileptic,200mg,Tablet,Drugfield,19906,22922.7,853,60,BT345662,May & Baker Nigeria,A1,2029-01-05
SKU01036,Lansoprazole,Antifungal,150mg,Capsule,Emzor,12293,15658.59,805,74,BT797083,Swiss Pharma Nigeria,C2,2028-08-18
SKU01037,Terbinafine,Antifungal,500mg,Cream,Pfizer,19438,23721.43,620,60,BT869555,Swiss Pharma Nigeria,C2,2027-10-16
SKU01038,Terbinafine,Antifungal,150mg,Cream,Neimeth,4331,5923.95,825,90,BT224261,Swiss Pharma Nigeria,D3,2028-09-21
SKU01039,Enalapril,Antihypertensive,25mg,Tablet,Neimeth,615,807.07,913,33,BT841821,Fidson Healthcare,C1,2028-03-29
SKU01040,Propranolol,Antihypertensive,2.5mg,Tablet,GSK,2155,3194.89,792,72,BT628626,Fidson Healthcare,D2,2027-02-03
SKU01041,Calcium Carbonate,General Medicine,10mg,Tablet,Evans,11613,16493.08,287,88,BT806433,Swiss Pharma Nigeria,A1,2028-03-29
SKU01042,Metoclopramide,General Medicine,5mg,Capsule,Emzor,4826,5760.61,636,95,BT768390,Evans Medical,C3,2029-07-11
SKU01043,Acetazolamide,General Medicine,10mg,Capsule,Neimeth,5168,7151.71,856,74,BT875659,Evans Medical,B2,2029-07-25
SKU01044,Ciprofloxacin,Antibiotic,125mg,Injection,Swiss Pharma,14497,23142.52,494,27,BT371961,Swiss Pharma Nigeria,D3,2029-06-08
SKU01045,Levofloxacin,Antibiotic,625mg,Injection,Drugfield,15947,21365.07,656,96,BT612380,May & Baker Nigeria,C1,2027-07-03
SKU01046,Dorzolamide,General Medicine,100mg,Capsule,Neimeth,16008,24676.73,955,65,BT382066,Swiss Pharma Nigeria,D3,2027-11-21
SKU01047,Mirtazapine,Psychiatric,100mg,Tablet,Evans,19385,30748.97,64,44,BT468742,Fidson Healthcare,C3,2030-06-05
SKU01048,Folic Acid,General Medicine,100mg,Capsule,Juhel,5090,7609.33,606,57,BT453219,Drugfield Pharmaceuticals,B2,2029-10-27
SKU01049,Cetirizine,Antihistamine,4mg,Tablet,Evans,3443,4073.88,627,90,BT633797,Evans Medical,B2,2029-01-19
SKU01050,Calcium Carbonate,General Medicine,5mg,Capsule,Emzor,4509,6381.36,543,67,BT926747,Swiss Pharma Nigeria,D3,2028-02-09
SKU01051,Dapagliflozin,Antidiabetic,25mg,Injection,Neimeth,10607,14792.37,324,47,BT912714,Fidson Healthcare,A3,2028-11-06
SKU01052,Ketoconazole,Antifungal,500mg,Tablet,Pfizer,19629,29801.84,16,53,BT674101,Emzor Pharmaceuticals,C2,2027-09-23
SKU01053,Pyrimethamine,Antimalarial,100mg,Injection,Drugfield,7926,11233.67,432,28,BT711875,Evans Medical,A2,2028-11-21
SKU01054,Dorzolamide,General Medicine,100mg,Tablet,Emzor,8206,11527.47,533,74,BT764810,Emzor Pharmaceuticals,A3,2029-07-07
SKU01055,Pioglitazone,Antidiabetic,1000mg,Tablet,GSK,959,1110.86,776,54,BT205451,Evans Medical,D2,2027-04-21
SKU01056,Diazepam,Psychiatric,5mg,Tablet,Drugfield,14396,22483.1,902,30,BT673367,Emzor Pharmaceuticals,D2,2029-10-09
SKU01057,Diclofenac,NSAID,200mg,Gel,Evans,15296,24162.36,666,84,BT128701,Fidson Healthcare,D2,2027-01-11
SKU01058,Rivaroxaban,Anticoagulant,5mg,Tablet,Emzor,19254,28935.94,592,90,BT687686,Fidson Healthcare,A1,2029-10-17
SKU01059,Diazepam,Psychiatric,100mg,Tablet,Juhel,1215,1464.65,666,35,BT772506,Drugfield Pharmaceuticals,D1,2028-06-18
SKU01060,Lansoprazole,Antifungal,150mg,Tablet,Neimeth,18181,28862.93,498,80,BT285813,May & Baker Nigeria,D2,2027-08-08
SKU01061,Vitamin B Complex,General Medicine,10mg,Capsule,Swiss Pharma,1882,2657.55,120,58,BT688614,Drugfield Pharmaceuticals,D2,2029-05-03
SKU01062,Ampicillin,Antibiotic,125mg,Tablet,Emzor,12489,17006.92,84,50,BT541744,May & Baker Nigeria,C2,2029-10-17
SKU01063,Hydralazine,Antihypertensive,10mg,Tablet,Fidson,19404,23656.53,848,61,BT761583,Fidson Healthcare,B1,2030-03-10
SKU01064,Losartan,Antihypertensive,10mg,Tablet,Fidson,2209,2957.3,799,98,BT131017,Emzor Pharmaceuticals,B3,2028-12-12
SKU01065,Azathioprine,General Medicine,50mg,Tablet,Drugfield,17656,21203.61,60,57,BT248370,Evans Medical,A2,2028-08-02
SKU01066,Fluconazole,Antifungal,500mg,Tablet,Evans,5659,7809.34,661,50,BT174395,Evans Medical,B2,2029-07-21
SKU01067,Risperidone,Psychiatric,100mg,Tablet,Evans,6130,9648.31,331,53,BT609632,Evans Medical,C3,2028-01-28
SKU01068,Chlorpheniramine,Antihistamine,4mg,Tablet,GSK,5622,6495.81,831,51,BT952065,Evans Medical,C2,2029-07-24
SKU01069,Citalopram,Psychiatric,25mg,Tablet,Emzor,13185,18063.02,851,42,BT239600,May & Baker Nigeria,B1,2030-03-03
SKU01070,Bisoprolol,Antihypertensive,2.5mg,Tablet,Drugfield,12060,15165.92,948,23,BT753203,Evans Medical,A3,2028-04-22
SKU01071,Rivastigmine,General Medicine,10mg,Tablet,Swiss Pharma,19349,28034.85,212,84,BT670697,Swiss Pharma Nigeria,B1,2028-09-12
SKU01072,Dapagliflozin,Antidiabetic,25mg,Injection,GSK,5662,8021.5,306,33,BT842728,Emzor Pharmaceuticals,D1,2027-05-21
SKU01073,Olanzapine,Psychiatric,100mg,Tablet,Neimeth,16231,22887.17,882,21,BT840619,Fidson Healthcare,B1,2029-09-24
SKU01074,Vancomycin,Antibiotic,500mg,Suspension,GSK,17247,21993.29,520,88,BT651623,Drugfield Pharmaceuticals,A3,2027-08-15
SKU01075,Ampicillin,Antibiotic,1g,Capsule,Juhel,543,625.79,865,97,BT514432,Evans Medical,D3,2027-06-03
SKU01076,Levothyroxine,General Medicine,25mg,Capsule,Drugfield,18518,25383.52,296,79,BT468060,May & Baker Nigeria,A3,2027-07-10
SKU01077,Morphine,Analgesic,1000mg,Tablet,Evans,6677,10583.82,979,25,BT150109,May & Baker Nigeria,D1,2028-10-08
SKU01078,Escitalopram,Psychiatric,5mg,Tablet,Evans,1917,3002.81,260,32,BT955650,Fidson Healthcare,A3,2028-08-16
SKU01079,Diclofenac,NSAID,200mg,Tablet,Neimeth,17194,24499.67,689,22,BT441127,Swiss Pharma Nigeria,D3,2030-02-02
SKU01080,Furosemide,Diuretic,25mg,Tablet,Drugfield,11842,15338.18,642,68,BT401398,Drugfield Pharmaceuticals,B3,2029-02-03
SKU01081,Magnesium Sulphate,General Medicine,50mg,Capsule,Neimeth,18157,22969.62,415,76,BT636967,Evans Medical,B1,2028-08-12
SKU01082,Acyclovir,Antiviral,500mg,Tablet,Drugfield,11852,16084.25,246,58,BT542371,Drugfield Pharmaceuticals,C1,2027-05-08
SKU01083,Diphenhydramine,Antihistamine,4mg,Syrup,Emzor,14974,22761.93,328,89,BT308842,May & Baker Nigeria,D1,2030-04-13
SKU01084,Cyclosporine,General Medicine,100mg,Tablet,GSK,19808,24241.01,424,68,BT534215,Drugfield Pharmaceuticals,A3,2029-07-15
SKU01085,Ondansetron,General Medicine,100mg,Capsule,Fidson,18078,23112.08,442,81,BT316051,Evans Medical,D2,2029-12-06
SKU01086,Diphenhydramine,Antihistamine,4mg,Tablet,Fidson,14284,22375.91,124,55,BT125433,Fidson Healthcare,D2,2027-08-23
SKU01087,Spironolactone,Diuretic,50mg,Tablet,Swiss Pharma,17026,25613.22,477,33,BT210214,Evans Medical,D2,2028-08-09
SKU01088,Rosuvastatin,Statin,10mg,Tablet,GSK,16160,19943.5,160,63,BT966207,Evans Medical,A2,2029-07-18
SKU01089,Aspirin,General Medicine,100mg,Capsule,Pfizer,12911,18262.69,514,87,BT850108,May & Baker Nigeria,C1,2030-05-10
SKU01090,Praziquantel,General Medicine,25mg,Capsule,Drugfield,7359,10382.53,474,35,BT123977,Emzor Pharmaceuticals,D2,2029-10-22
SKU01091,Azithromycin,Antibiotic,1g,Capsule,May & Baker,18369,23084.55,236,27,BT345555,Fidson Healthcare,C3,2030-06-12
SKU01092,Hydrocortisone,Corticosteroid,40mg,Cream,Fidson,8495,12900.3,262,65,BT897975,Drugfield Pharmaceuticals,C2,2030-01-05
SKU01093,Nitroglycerin,General Medicine,5mg,Capsule,Neimeth,12432,17608.55,206,46,BT397961,Evans Medical,D3,2027-05-08
SKU01094,Bupropion,Psychiatric,25mg,Tablet,Juhel,5738,8406.18,114,45,BT653274,Emzor Pharmaceuticals,D1,2029-05-23
SKU01095,Sulfasalazine,General Medicine,100mg,Tablet,Emzor,1805,2774.26,799,39,BT132033,Emzor Pharmaceuticals,C2,2027-07-15
SKU01096,Gabapentin,Antiepileptic,200mg,Capsule,May & Baker,17887,24411.73,32,65,BT728127,Swiss Pharma Nigeria,D2,2028-11-23
SKU01097,Olanzapine,Psychiatric,5mg,Tablet,Juhel,15502,18552.61,478,24,BT459827,Emzor Pharmaceuticals,D3,2027-12-13
SKU01098,Albendazole,Antifungal,500mg,Cream,May & Baker,876,1097.7,638,66,BT326702,Swiss Pharma Nigeria,A1,2026-12-03
SKU01099,Bupropion,Psychiatric,10mg,Tablet,Swiss Pharma,15019,21620.07,10,94,BT755239,Drugfield Pharmaceuticals,C2,2027-03-31
SKU01100,Ondansetron,General Medicine,25mg,Tablet,Pfizer,11427,13882.18,543,94,BT889385,Swiss Pharma Nigeria,B2,2026-11-11
SKU01101,Atenolol,Antihypertensive,25mg,Tablet,Evans,1106,1564.73,630,62,BT225694,Swiss Pharma Nigeria,A1,2029-10-21
SKU01102,Ropinirole,General Medicine,100mg,Capsule,Juhel,15036,18303.2,911,27,BT220252,Fidson Healthcare,A2,2027-10-04
SKU01103,Hydroxychloroquine,Antimalarial,200mg,Tablet,Emzor,8268,12044.61,74,86,BT154304,Evans Medical,D1,2029-06-03
SKU01104,Loratadine,Antihistamine,10mg,Tablet,Pfizer,19556,24458.34,603,31,BT966217,Emzor Pharmaceuticals,D1,2028-08-17
SKU01105,Venlafaxine,Psychiatric,50mg,Tablet,Swiss Pharma,12747,15496.47,868,50,BT338016,Emzor Pharmaceuticals,B3,2027-11-26
SKU01106,Azithromycin,Antibiotic,625mg,Capsule,Drugfield,6086,7729.35,385,66,BT574289,Swiss Pharma Nigeria,B2,2026-11-07
SKU01107,Linezolid,Antibiotic,1g,Capsule,Emzor,578,892.52,743,65,BT888678,Evans Medical,A3,2027-03-13
SKU01108,Salbutamol,Respiratory,2mg,Inhaler,Neimeth,10800,14261.79,62,99,BT406222,Swiss Pharma Nigeria,A1,2027-06-02
SKU01109,Terbutaline,Respiratory,2mg,Nebule,Swiss Pharma,15068,21879.96,645,20,BT380178,Drugfield Pharmaceuticals,A2,2028-03-08
SKU01110,Ropinirole,General Medicine,50mg,Capsule,Drugfield,4411,5933.26,351,69,BT627694,Emzor Pharmaceuticals,C3,2027-03-09
SKU01111,Tadalafil,General Medicine,5mg,Tablet,Pfizer,5596,6957.2,636,31,BT924380,Swiss Pharma Nigeria,D2,2028-02-09
SKU01112,Imipenem,Antibiotic,125mg,Tablet,Pfizer,19172,28183.49,132,29,BT950124,Fidson Healthcare,B1,2029-07-20
SKU01113,Atorvastatin,Statin,20mg,Tablet,May & Baker,16158,18623.45,588,79,BT146435,Swiss Pharma Nigeria,B2,2030-04-24
SKU01114,Fluoxetine,Psychiatric,100mg,Tablet,May & Baker,9411,12254.38,724,70,BT464696,Emzor Pharmaceuticals,A2,2027-12-29
SKU01115,Phenytoin,Antiepileptic,100mg,Capsule,Pfizer,1553,2402.37,938,66,BT240613,Swiss Pharma Nigeria,A2,2026-12-03
SKU01116,Ciprofloxacin,Antibiotic,625mg,Capsule,GSK,6632,8544.68,743,28,BT415484,Emzor Pharmaceuticals,A2,2027-07-01
SKU01117,Rosuvastatin,Statin,10mg,Tablet,Pfizer,1095,1730.87,996,51,BT165582,Fidson Healthcare,D2,2030-02-15
SKU01118,Atorvastatin,Statin,20mg,Tablet,Evans,14006,21158.26,877,91,BT848168,May & Baker Nigeria,A2,2029-01-24
SKU01119,Salbutamol,Respiratory,100mcg,Tablet,Neimeth,10352,14227.07,385,51,BT879620,Fidson Healthcare,A2,2028-09-06
SKU01120,Quinine,Antimalarial,50mg,Injection,Juhel,4496,7069.26,816,41,BT848014,Drugfield Pharmaceuticals,A3,2029-02-08
SKU01121,Cetirizine,Antihistamine,180mg,Tablet,Evans,4079,5363.99,187,61,BT341010,Fidson Healthcare,A1,2029-11-21
SKU01122,Metoclopramide,General Medicine,10mg,Capsule,Evans,11985,17912.9,228,25,BT894385,Evans Medical,C1,2027-09-16
SKU01123,Azithromycin,Antibiotic,625mg,Capsule,Drugfield,13546,16411.51,840,60,BT261156,May & Baker Nigeria,B2,2028-03-09
SKU01124,Gliclazide,Antidiabetic,850mg,Injection,Swiss Pharma,2810,4116.85,552,53,BT268851,Emzor Pharmaceuticals,A2,2029-11-01
SKU01125,Metformin,Antidiabetic,850mg,Tablet,Emzor,1754,2213.22,441,67,BT633349,Fidson Healthcare,B3,2029-11-18
SKU01126,Ceftriaxone,Antibiotic,250mg,Tablet,Emzor,3081,4507.02,124,86,BT148075,Swiss Pharma Nigeria,A1,2029-09-14
SKU01127,Latanoprost,General Medicine,50mg,Tablet,Pfizer,17550,25909.98,562,59,BT642479,Fidson Healthcare,D1,2029-05-19
SKU01128,Pioglitazone,Antidiabetic,500mg,Injection,Pfizer,577,757.35,767,82,BT589212,Emzor Pharmaceuticals,B3,2029-07-28
SKU01129,Sertraline,Psychiatric,25mg,Tablet,Emzor,9149,11051.9,565,49,BT981783,Evans Medical,C1,2030-05-11
SKU01130,Metronidazole,Antifungal,500mg,Capsule,Juhel,9139,10644.59,445,52,BT791940,Emzor Pharmaceuticals,C2,2029-10-06
SKU01131,Flucloxacillin,Antibiotic,125mg,Suspension,Evans,7702,11955.66,817,70,BT546131,May & Baker Nigeria,B2,2027-03-07
SKU01132,Azathioprine,General Medicine,50mg,Capsule,GSK,6514,10113.52,652,43,BT955669,Evans Medical,B2,2027-01-12
SKU01133,Dabigatran,Anticoagulant,5mg,Tablet,Pfizer,16554,24844.26,198,93,BT117790,Emzor Pharmaceuticals,B1,2029-12-01
SKU01134,Finasteride,General Medicine,50mg,Tablet,Swiss Pharma,10715,16557.83,137,40,BT218009,May & Baker Nigeria,D1,2027-05-16
SKU01135,Pantoprazole,Antifungal,200mg,Capsule,Juhel,1116,1490.37,445,32,BT131622,Emzor Pharmaceuticals,A2,2029-04-20
SKU01136,Hydrochlorothiazide,Diuretic,100mg,Tablet,Neimeth,1328,1569.12,24,35,BT733750,Drugfield Pharmaceuticals,A2,2027-11-30
SKU01137,Methylprednisolone,Corticosteroid,100mg,Injection,Pfizer,6810,8607.16,936,90,BT744102,Swiss Pharma Nigeria,D3,2028-09-06
SKU01138,Diclofenac,NSAID,100mg,Gel,Drugfield,5121,7444.32,407,54,BT738012,Evans Medical,D1,2028-10-13
SKU01139,Methylprednisolone,Corticosteroid,4mg,Injection,Fidson,2883,3703.35,781,32,BT738753,Drugfield Pharmaceuticals,B3,2027-01-18
SKU01140,Venlafaxine,Psychiatric,50mg,Tablet,Evans,7606,9460.4,317,27,BT906141,Emzor Pharmaceuticals,D2,2030-05-21
SKU01141,Cyclophosphamide,General Medicine,25mg,Capsule,May & Baker,12562,17017.71,968,38,BT622329,Swiss Pharma Nigeria,A3,2029-11-30
SKU01142,Lamotrigine,Antiepileptic,500mg,Tablet,Juhel,4512,7106.98,789,38,BT806154,May & Baker Nigeria,B2,2028-01-24
SKU01143,Ketoconazole,Antifungal,200mg,Capsule,Pfizer,14945,18001.37,137,94,BT870948,Swiss Pharma Nigeria,A2,2029-10-12
SKU01144,Tacrolimus,General Medicine,25mg,Capsule,Pfizer,1892,2455.76,24,49,BT837331,Swiss Pharma Nigeria,A2,2029-09-12
SKU01145,Ondansetron,General Medicine,10mg,Tablet,Emzor,19107,23854.43,797,85,BT501622,Fidson Healthcare,B3,2028-09-16
SKU01146,Cetirizine,Antihistamine,10mg,Syrup,Neimeth,13566,20901.62,987,24,BT374949,Swiss Pharma Nigeria,C1,2027-08-18
SKU01147,Lansoprazole,Antifungal,500mg,Cream,Emzor,6251,9621.0,339,62,BT896370,Swiss Pharma Nigeria,A3,2029-09-24
SKU01148,Atenolol,Antihypertensive,5mg,Tablet,Emzor,18317,26076.08,784,52,BT350374,Drugfield Pharmaceuticals,A1,2030-06-13
SKU01149,Praziquantel,General Medicine,100mg,Capsule,GSK,18269,29108.3,721,21,BT348001,Evans Medical,D1,2027-08-28
SKU01150,Chlorpheniramine,Antihistamine,4mg,Syrup,Juhel,18134,27142.65,78,84,BT846477,Fidson Healthcare,B1,2027-09-03
SKU01151,Beclometasone,Respiratory,2mg,Nebule,Pfizer,990,1564.29,540,57,BT318267,Swiss Pharma Nigeria,A1,2030-01-31
SKU01152,Beclometasone,Respiratory,200mcg,Tablet,Drugfield,17762,25451.17,541,43,BT758275,Evans Medical,D2,2028-05-06
SKU01153,Risperidone,Psychiatric,10mg,Tablet,Drugfield,14816,20211.58,843,38,BT788435,Fidson Healthcare,D3,2026-10-31
SKU01154,Vitamin C,General Medicine,50mg,Capsule,Fidson,10411,14363.51,508,47,BT536537,Emzor Pharmaceuticals,A2,2029-10-22
SKU01155,Mirtazapine,Psychiatric,25mg,Tablet,Evans,3169,4486.22,934,52,BT797164,Swiss Pharma Nigeria,A2,2030-04-06
SKU01156,Esomeprazole,Antifungal,500mg,Capsule,Emzor,16712,24757.56,298,60,BT852370,May & Baker Nigeria,B2,2027-07-20
SKU01157,Ketoconazole,Antifungal,150mg,Capsule,Swiss Pharma,10808,16621.7,438,84,BT187630,Fidson Healthcare,A1,2028-09-07
SKU01158,Bisoprolol,Antihypertensive,25mg,Tablet,Juhel,19030,25817.14,892,53,BT598008,Swiss Pharma Nigeria,C3,2029-01-01
SKU01159,Bisoprolol,Antihypertensive,10mg,Tablet,Evans,7473,8621.66,32,88,BT483680,May & Baker Nigeria,A1,2027-12-19
SKU01160,Cetirizine,Antihistamine,4mg,Tablet,Emzor,2665,3699.67,697,33,BT827481,Swiss Pharma Nigeria,C2,2027-09-16
SKU01161,Sertraline,Psychiatric,100mg,Tablet,Neimeth,19704,26543.51,244,23,BT914760,May & Baker Nigeria,D3,2030-06-19
SKU01162,Amlodipine,Antihypertensive,100mg,Tablet,Drugfield,17250,24891.52,425,50,BT274983,May & Baker Nigeria,D3,2028-08-14
SKU01163,Cefuroxime,Antibiotic,500mg,Suspension,May & Baker,5045,7582.86,828,29,BT714341,May & Baker Nigeria,A2,2029-08-21
SKU01164,Carbimazole,Antifungal,150mg,Tablet,May & Baker,3993,5671.19,249,42,BT726863,Fidson Healthcare,C3,2029-02-23
SKU01165,Tamsulosin,General Medicine,100mg,Capsule,Neimeth,8769,10266.47,782,74,BT534387,Emzor Pharmaceuticals,B3,2029-12-16
SKU01166,Warfarin,Anticoagulant,10mg,Tablet,Pfizer,3496,5089.42,457,58,BT119647,Evans Medical,D1,2029-11-21
SKU01167,Pregabalin,Antiepileptic,300mg,Tablet,GSK,7632,11489.03,848,26,BT687745,Fidson Healthcare,A1,2029-01-26
SKU01168,Montelukast,Respiratory,100mcg,Tablet,Swiss Pharma,4870,7010.36,855,21,BT499700,Evans Medical,C3,2028-07-30
SKU01169,Sulfadoxine,Antimalarial,20/120mg,Injection,Juhel,2282,3110.41,124,31,BT572796,Drugfield Pharmaceuticals,C2,2027-11-14
SKU01170,Clotrimazole,Antifungal,100mg,Cream,Swiss Pharma,15223,18630.78,533,52,BT897528,May & Baker Nigeria,C2,2029-07-27
SKU01171,Losartan,Antihypertensive,50mg,Tablet,GSK,5457,7525.3,351,44,BT368500,Emzor Pharmaceuticals,B2,2028-01-06
SKU01172,Diltiazem,Antihypertensive,5mg,Tablet,Neimeth,18311,23639.3,773,82,BT457869,Fidson Healthcare,C3,2029-04-07
SKU01173,Fluconazole,Antifungal,500mg,Cream,Fidson,2383,3603.32,524,44,BT587001,Swiss Pharma Nigeria,D1,2028-07-25
SKU01174,Chlorpromazine,Psychiatric,100mg,Tablet,GSK,8559,12235.51,648,46,BT363847,Drugfield Pharmaceuticals,B3,2028-10-16
SKU01175,Salbutamol,Respiratory,2mg,Nebule,Juhel,16982,20367.45,164,88,BT335450,May & Baker Nigeria,C1,2027-11-16
SKU01176,Azathioprine,General Medicine,10mg,Tablet,Fidson,2601,3019.8,189,47,BT610483,Evans Medical,B3,2030-07-11
SKU01177,Doxycycline,Antibiotic,625mg,Injection,Neimeth,6840,7930.17,69,28,BT992070,Fidson Healthcare,A3,2028-10-21
SKU01178,Apixaban,Anticoagulant,10mg,Injection,May & Baker,5132,7929.41,522,35,BT451607,Emzor Pharmaceuticals,B2,2027-07-17
SKU01179,Dabigatran,Anticoagulant,40mg,Tablet,Juhel,6362,7361.75,177,28,BT649187,Emzor Pharmaceuticals,C1,2026-11-01
SKU01180,Latanoprost,General Medicine,50mg,Capsule,Neimeth,19489,29372.43,617,51,BT541222,Swiss Pharma Nigeria,D1,2028-03-12
SKU01181,Loratadine,Antihistamine,10mg,Tablet,Fidson,1320,1644.51,800,20,BT119521,Emzor Pharmaceuticals,A2,2029-01-26
SKU01182,Fluoxetine,Psychiatric,5mg,Tablet,Drugfield,2174,2692.59,437,87,BT976432,May & Baker Nigeria,B1,2028-12-04
SKU01183,Chlorpheniramine,Antihistamine,4mg,Tablet,Pfizer,7211,8813.43,385,41,BT521881,May & Baker Nigeria,C2,2029-11-06
SKU01184,Tinidazole,Antifungal,100mg,Capsule,Fidson,11659,15727.94,996,43,BT770623,Drugfield Pharmaceuticals,C3,2029-02-20
SKU01185,Nitrofurantoin,General Medicine,10mg,Capsule,Emzor,9621,14079.62,993,39,BT963603,Evans Medical,B1,2029-04-25
SKU01186,Olanzapine,Psychiatric,100mg,Tablet,Juhel,2979,3587.29,17,97,BT243516,Drugfield Pharmaceuticals,B1,2027-05-09
SKU01187,Propranolol,Antihypertensive,50mg,Tablet,GSK,499,590.68,650,49,BT920101,Swiss Pharma Nigeria,D3,2030-01-08
SKU01188,Diltiazem,Antihypertensive,25mg,Tablet,Neimeth,19461,29934.43,486,96,BT167130,Fidson Healthcare,B1,2029-08-24
SKU01189,Famotidine,General Medicine,5mg,Tablet,Juhel,1970,2904.65,175,35,BT779733,Drugfield Pharmaceuticals,B3,2029-07-28
SKU01190,Topiramate,Antiepileptic,300mg,Tablet,Swiss Pharma,1956,2906.61,248,83,BT231562,Emzor Pharmaceuticals,D1,2028-11-24
SKU01191,Rivastigmine,General Medicine,50mg,Tablet,Evans,10178,13737.66,59,78,BT391721,May & Baker Nigeria,C2,2027-05-13
SKU01192,Lamotrigine,Antiepileptic,500mg,Capsule,Drugfield,6249,8730.51,435,30,BT154322,Drugfield Pharmaceuticals,A2,2028-11-25
SKU01193,Carbidopa,General Medicine,100mg,Tablet,May & Baker,3436,4489.16,823,61,BT546821,Fidson Healthcare,B3,2028-08-05
SKU01194,Clonazepam,Psychiatric,5mg,Tablet,Pfizer,13512,16572.08,217,45,BT424849,Drugfield Pharmaceuticals,C2,2027-08-02
SKU01195,Budesonide,Respiratory,200mcg,Inhaler,GSK,17497,23363.86,430,21,BT966269,Drugfield Pharmaceuticals,C2,2028-07-10
SKU01196,Ropinirole,General Medicine,100mg,Capsule,Evans,8327,10323.2,432,80,BT810790,Drugfield Pharmaceuticals,B2,2030-02-22
SKU01197,Pilocarpine,General Medicine,10mg,Tablet,Juhel,10068,15644.05,811,59,BT850616,Fidson Healthcare,C2,2028-04-28
SKU01198,Pilocarpine,General Medicine,10mg,Capsule,Fidson,19485,26021.05,850,95,BT106854,May & Baker Nigeria,C1,2027-03-20
SKU01199,Simvastatin,Statin,80mg,Tablet,Juhel,9976,11951.15,239,60,BT842387,Fidson Healthcare,D3,2028-08-17
SKU01200,Bromocriptine,General Medicine,100mg,Capsule,Drugfield,10232,12763.79,223,79,BT196041,Fidson Healthcare,C1,2027-05-30
SKU01201,Diclofenac,NSAID,400mg,Tablet,Emzor,11297,17120.95,872,70,BT884152,Emzor Pharmaceuticals,B3,2028-04-23
SKU01202,Insulin Regular,Antidiabetic,1000mg,Tablet,Swiss Pharma,13593,21317.5,667,37,BT562027,Drugfield Pharmaceuticals,A3,2027-08-13
SKU01203,Magnesium Sulphate,General Medicine,50mg,Capsule,Fidson,17947,20916.87,747,55,BT803595,Swiss Pharma Nigeria,D3,2029-04-29
SKU01204,Meropenem,Antibiotic,625mg,Capsule,May & Baker,10352,16047.04,26,71,BT345899,May & Baker Nigeria,A1,2029-06-14
SKU01205,Linezolid,Antibiotic,1g,Capsule,Neimeth,9239,12055.05,121,51,BT965991,Drugfield Pharmaceuticals,B1,2029-07-23
SKU01206,Pramipexole,General Medicine,100mg,Tablet,Juhel,13896,16445.51,103,80,BT435106,Emzor Pharmaceuticals,D1,2030-04-19
SKU01207,Warfarin,Anticoagulant,2.5mg,Tablet,Evans,991,1259.36,551,65,BT973298,Drugfield Pharmaceuticals,C3,2027-08-23
SKU01208,Beclometasone,Respiratory,4mg,Tablet,Emzor,2966,3499.65,476,23,BT466446,Evans Medical,D1,2029-11-20
SKU01209,Oxybutynin,General Medicine,10mg,Tablet,Swiss Pharma,11356,13541.03,791,44,BT593042,May & Baker Nigeria,A3,2027-08-26
SKU01210,Meloxicam,NSAID,500mg,Gel,Swiss Pharma,9107,10645.45,503,59,BT666501,Fidson Healthcare,C3,2028-12-18
SKU01211,Timolol,Antihypertensive,50mg,Tablet,Neimeth,7284,9576.31,8,69,BT164255,Emzor Pharmaceuticals,A1,2027-12-11
SKU01212,Pyrimethamine,Antimalarial,20/120mg,Tablet,Juhel,3724,5691.88,627,86,BT898775,Fidson Healthcare,B1,2028-09-14
SKU01213,Beclometasone,Respiratory,100mcg,Tablet,Juhel,17026,20043.99,763,70,BT610809,May & Baker Nigeria,B3,2028-07-26
SKU01214,Empagliflozin,Antidiabetic,850mg,Injection,May & Baker,15416,21182.07,728,41,BT759380,Emzor Pharmaceuticals,C1,2029-07-04
SKU01215,Pioglitazone,Antidiabetic,1000mg,Tablet,Swiss Pharma,10431,13387.3,987,66,BT514944,Swiss Pharma Nigeria,C1,2028-01-12
SKU01216,Gabapentin,Antiepileptic,500mg,Tablet,GSK,4568,5694.0,986,31,BT668979,May & Baker Nigeria,B2,2029-12-01
SKU01217,Pramipexole,General Medicine,10mg,Tablet,Neimeth,18792,23485.41,350,92,BT157596,Drugfield Pharmaceuticals,D1,2030-06-12
SKU01218,Fexofenadine,Antihistamine,10mg,Syrup,Drugfield,10715,13111.73,658,50,BT274244,Emzor Pharmaceuticals,D3,2028-04-20
SKU01219,Ciprofloxacin,Antibiotic,625mg,Injection,Juhel,4068,5416.46,202,61,BT248083,Drugfield Pharmaceuticals,C2,2028-12-23
SKU01220,Hydralazine,Antihypertensive,10mg,Tablet,Emzor,4360,5509.27,910,76,BT619730,Evans Medical,A2,2028-03-20
SKU01221,Valsartan,Antihypertensive,50mg,Tablet,Drugfield,1777,2130.11,719,90,BT541477,Evans Medical,D3,2030-04-18
SKU01222,Vitamin C,General Medicine,100mg,Capsule,May & Baker,18574,28952.37,271,89,BT396783,Evans Medical,D2,2029-06-29
SKU01223,Lumefantrine,Antimalarial,50mg,Tablet,May & Baker,15412,20782.78,371,70,BT656695,May & Baker Nigeria,B1,2028-01-19
SKU01224,Nystatin,Statin,80mg,Tablet,Swiss Pharma,5801,7706.98,97,24,BT451303,May & Baker Nigeria,A2,2028-02-13
SKU01225,Albendazole,Antifungal,150mg,Capsule,Pfizer,18031,22703.89,555,90,BT606944,Emzor Pharmaceuticals,B1,2030-03-19
SKU01226,Levothyroxine,General Medicine,5mg,Tablet,Swiss Pharma,6665,9428.7,319,65,BT550881,Swiss Pharma Nigeria,C3,2026-11-09
SKU01227,Erythromycin,Antibiotic,125mg,Capsule,May & Baker,2057,2982.32,140,50,BT574739,Drugfield Pharmaceuticals,C1,2030-05-20
SKU01228,Calcium Carbonate,General Medicine,25mg,Capsule,Drugfield,12399,17131.94,498,97,BT898226,Emzor Pharmaceuticals,A2,2030-01-12
SKU01229,Verapamil,Antihypertensive,10mg,Tablet,Drugfield,3945,5815.13,110,82,BT355735,Drugfield Pharmaceuticals,A2,2027-06-12
SKU01230,Mebendazole,Antifungal,500mg,Capsule,Swiss Pharma,12052,18831.07,190,50,BT846613,Swiss Pharma Nigeria,C1,2027-10-18
SKU01231,Nifedipine,Antihypertensive,2.5mg,Tablet,Juhel,13059,20184.45,358,61,BT668463,Emzor Pharmaceuticals,B3,2029-08-28
SKU01232,Cefixime,Antibiotic,250mg,Suspension,GSK,786,1105.94,965,73,BT526834,Fidson Healthcare,C2,2027-04-07
SKU01233,Donepezil,General Medicine,25mg,Tablet,Fidson,12105,15404.45,835,55,BT850936,Evans Medical,C3,2028-02-04
SKU01234,Praziquantel,General Medicine,10mg,Capsule,Juhel,17685,23444.24,971,94,BT989180,Swiss Pharma Nigeria,B3,2028-04-10
SKU01235,Ketoconazole,Antifungal,150mg,Capsule,Juhel,8703,11985.62,497,63,BT565338,Drugfield Pharmaceuticals,B3,2029-07-29
SKU01236,Ropinirole,General Medicine,5mg,Tablet,Drugfield,7995,9307.21,302,46,BT546245,Fidson Healthcare,B1,2029-12-09
SKU01237,Clonazepam,Psychiatric,25mg,Tablet,Juhel,16086,23046.06,5,55,BT379933,Fidson Healthcare,C1,2030-01-27
SKU01238,Folic Acid,General Medicine,100mg,Capsule,Drugfield,14410,19072.31,184,77,BT130506,Fidson Healthcare,B2,2029-09-16
SKU01239,Clonazepam,Psychiatric,5mg,Tablet,GSK,10939,12781.19,613,99,BT249739,Fidson Healthcare,D2,2029-08-11
SKU01240,Moxifloxacin,Antibiotic,500mg,Injection,Juhel,6229,8553.45,150,70,BT410348,Evans Medical,D3,2028-06-09
SKU01241,Chloroquine,Antimalarial,100mg,Tablet,Neimeth,3063,4284.2,916,63,BT977050,May & Baker Nigeria,B3,2027-09-03
SKU01242,Simvastatin,Statin,20mg,Tablet,Emzor,15393,20777.33,110,68,BT489621,Drugfield Pharmaceuticals,B2,2029-07-31
SKU01243,Tazobactam,Antibiotic,625mg,Capsule,Evans,4508,5848.6,397,84,BT612287,Swiss Pharma Nigeria,B2,2027-06-15
SKU01244,Methyldopa,Antihypertensive,100mg,Tablet,Neimeth,1298,1830.46,438,56,BT528115,Swiss Pharma Nigeria,A1,2026-10-21
SKU01245,Mebendazole,Antifungal,500mg,Capsule,Fidson,16931,26135.45,14,57,BT538062,Swiss Pharma Nigeria,B1,2029-06-18
SKU01246,Pramipexole,General Medicine,5mg,Capsule,Emzor,9265,14450.19,242,59,BT479811,Drugfield Pharmaceuticals,B3,2028-03-26
SKU01247,Tadalafil,General Medicine,5mg,Capsule,GSK,16394,24096.1,853,24,BT983801,Drugfield Pharmaceuticals,A1,2027-02-19
SKU01248,Cetirizine,Antihistamine,4mg,Tablet,Fidson,5542,7446.34,126,40,BT659311,Evans Medical,A3,2027-09-17
SKU01249,Carvedilol,General Medicine,10mg,Tablet,Juhel,4424,6065.0,107,66,BT825350,Drugfield Pharmaceuticals,A3,2028-04-01
SKU01250,Bupropion,Psychiatric,25mg,Tablet,Evans,6715,8342.32,200,67,BT608969,Swiss Pharma Nigeria,A3,2027-02-07
SKU01251,Montelukast,Respiratory,4mg,Inhaler,May & Baker,3181,3794.8,998,94,BT250462,May & Baker Nigeria,B1,2028-11-15
SKU01252,Tamsulosin,General Medicine,50mg,Capsule,Swiss Pharma,3835,4495.39,557,69,BT811311,Emzor Pharmaceuticals,B1,2026-11-14
SKU01253,Vancomycin,Antibiotic,125mg,Tablet,Fidson,12822,17407.68,98,43,BT432327,Fidson Healthcare,A2,2026-12-16
SKU01254,Aspirin,General Medicine,100mg,Capsule,Pfizer,15377,18480.14,226,47,BT505681,Drugfield Pharmaceuticals,D2,2029-02-20
SKU01255,Imipenem,Antibiotic,625mg,Capsule,Fidson,5254,7269.07,688,23,BT679281,Evans Medical,C3,2029-12-14
SKU01256,Levothyroxine,General Medicine,10mg,Capsule,Neimeth,11048,13746.72,381,75,BT511310,Evans Medical,D3,2029-04-13
SKU01257,Pyrimethamine,Antimalarial,100mg,Injection,Juhel,12687,14708.77,231,55,BT407695,Drugfield Pharmaceuticals,C1,2028-08-02
SKU01258,Lansoprazole,Antifungal,500mg,Tablet,May & Baker,9224,11600.65,525,99,BT563450,Evans Medical,A1,2028-01-21
SKU01259,Lumefantrine,Antimalarial,100mg,Tablet,Neimeth,4377,6135.58,257,72,BT312769,Drugfield Pharmaceuticals,D3,2028-11-03
SKU01260,Venlafaxine,Psychiatric,5mg,Tablet,Evans,2549,4011.48,804,72,BT559940,Evans Medical,D1,2027-01-07
SKU01261,Colchicine,General Medicine,100mg,Capsule,Juhel,5547,6766.46,122,79,BT764997,Drugfield Pharmaceuticals,B2,2028-10-26
SKU01262,Methyldopa,Antihypertensive,100mg,Tablet,Evans,2431,2876.25,458,28,BT970332,Drugfield Pharmaceuticals,A2,2026-10-11
SKU01263,Clarithromycin,Antibiotic,500mg,Capsule,Drugfield,17572,20297.53,136,96,BT738300,Drugfield Pharmaceuticals,A2,2027-12-18
SKU01264,Imipenem,Antibiotic,1g,Suspension,Neimeth,5958,8306.83,902,49,BT972732,Evans Medical,A1,2026-11-25
SKU01265,Pregabalin,Antiepileptic,500mg,Capsule,Drugfield,13950,18410.27,611,27,BT366714,May & Baker Nigeria,B3,2026-10-10
SKU01266,Lorazepam,Psychiatric,25mg,Tablet,Pfizer,1869,2911.45,40,26,BT329242,Fidson Healthcare,D1,2029-05-24
SKU01267,Memantine,General Medicine,25mg,Tablet,Juhel,7349,10319.14,60,51,BT368142,Emzor Pharmaceuticals,D2,2028-02-01
SKU01268,Ampicillin,Antibiotic,1g,Capsule,Emzor,9431,12886.23,80,40,BT606513,Fidson Healthcare,B1,2028-11-19
SKU01269,Carbamazepine,Antiepileptic,200mg,Capsule,Pfizer,4522,6906.15,388,76,BT835715,Evans Medical,D2,2029-01-02
SKU01270,Ferrous Sulphate,General Medicine,25mg,Capsule,Evans,7020,8785.89,871,98,BT551500,Emzor Pharmaceuticals,A1,2028-05-05
SKU01271,Vitamin D3,General Medicine,50mg,Capsule,Drugfield,9136,11490.24,861,85,BT758839,Swiss Pharma Nigeria,A3,2030-07-08
SKU01272,Carbidopa,General Medicine,100mg,Capsule,Emzor,1455,1907.37,758,89,BT505768,Fidson Healthcare,B3,2028-01-30
SKU01273,Verapamil,Antihypertensive,100mg,Tablet,GSK,17328,20708.73,550,76,BT347302,Evans Medical,A2,2027-09-19
SKU01274,Mirtazapine,Psychiatric,10mg,Tablet,GSK,10239,13322.06,580,58,BT372307,Swiss Pharma Nigeria,D3,2028-01-06
SKU01275,Cetirizine,Antihistamine,4mg,Syrup,Evans,5103,7206.39,418,29,BT133608,Swiss Pharma Nigeria,C2,2027-02-27
SKU01276,Mirtazapine,Psychiatric,100mg,Tablet,Evans,2030,2385.9,462,71,BT912564,Drugfield Pharmaceuticals,B2,2027-12-22
SKU01277,Bupropion,Psychiatric,5mg,Tablet,Emzor,5004,6696.07,114,59,BT946690,Drugfield Pharmaceuticals,A3,2029-02-15
SKU01278,Fluoxetine,Psychiatric,5mg,Tablet,Drugfield,6063,9170.39,538,50,BT750552,Emzor Pharmaceuticals,A3,2029-09-16
SKU01279,Tacrolimus,General Medicine,50mg,Tablet,Fidson,5466,8264.76,549,93,BT488940,Evans Medical,A2,2029-06-02
SKU01280,Hydrochlorothiazide,Diuretic,100mg,Tablet,Evans,11597,17455.26,86,60,BT587062,Swiss Pharma Nigeria,A1,2030-02-20
SKU01281,Methyldopa,Antihypertensive,5mg,Tablet,Juhel,11929,15763.56,817,83,BT667219,May & Baker Nigeria,D2,2028-04-05
SKU01282,Carbamazepine,Antiepileptic,300mg,Tablet,Neimeth,12954,15858.02,509,47,BT750360,May & Baker Nigeria,D3,2030-05-17
SKU01283,Itraconazole,Antifungal,500mg,Capsule,Fidson,1356,2138.61,701,40,BT656846,Emzor Pharmaceuticals,C2,2028-10-12
SKU01284,Ketoconazole,Antifungal,200mg,Tablet,May & Baker,7032,10112.01,484,30,BT965540,May & Baker Nigeria,A3,2028-08-19
SKU01285,Tetracycline,Antibiotic,1g,Tablet,Evans,1671,1938.81,873,30,BT365995,Evans Medical,D1,2027-06-19
SKU01286,Propylthiouracil,General Medicine,100mg,Tablet,Drugfield,4439,6872.39,749,70,BT242963,May & Baker Nigeria,B2,2029-01-11
SKU01287,Levodopa,General Medicine,50mg,Capsule,Emzor,18451,28367.7,685,44,BT546754,Evans Medical,A3,2029-08-11
SKU01288,Imipenem,Antibiotic,500mg,Tablet,Swiss Pharma,16549,22371.25,428,20,BT250141,Swiss Pharma Nigeria,A3,2028-08-27
SKU01289,Nitrofurantoin,General Medicine,10mg,Capsule,Drugfield,17488,21791.34,623,71,BT263951,Fidson Healthcare,A3,2029-07-21
SKU01290,Telmisartan,Antihypertensive,25mg,Tablet,Juhel,7973,10974.97,519,40,BT739360,Swiss Pharma Nigeria,D1,2029-03-16
SKU01291,Nystatin,Statin,40mg,Tablet,Juhel,12335,19620.36,916,90,BT357350,Swiss Pharma Nigeria,C1,2028-04-07
SKU01292,Isoniazid,Antibiotic,625mg,Tablet,Drugfield,3653,5597.71,164,36,BT221788,Emzor Pharmaceuticals,C2,2027-12-02
SKU01293,Vitamin D3,General Medicine,25mg,Capsule,Swiss Pharma,18328,26989.66,551,50,BT492402,Swiss Pharma Nigeria,B3,2029-01-02
SKU01294,Erythromycin,Antibiotic,500mg,Capsule,May & Baker,809,1080.34,610,48,BT967244,Drugfield Pharmaceuticals,D3,2027-05-12
SKU01295,Ciprofloxacin,Antibiotic,125mg,Tablet,Swiss Pharma,19145,23649.05,299,89,BT455142,Swiss Pharma Nigeria,A3,2027-08-05
SKU01296,Albendazole,Antifungal,500mg,Capsule,Pfizer,7562,9925.63,108,51,BT747256,Fidson Healthcare,A2,2030-02-23
SKU01297,Cefotaxime,Antibiotic,250mg,Suspension,Fidson,16125,19841.15,810,44,BT948535,Fidson Healthcare,B2,2028-06-23
SKU01298,Donepezil,General Medicine,100mg,Tablet,May & Baker,15113,17925.97,696,45,BT328961,Evans Medical,C2,2028-02-16
SKU01299,Cloxacillin,Antibiotic,125mg,Tablet,Swiss Pharma,10959,13873.82,4,45,BT354151,Fidson Healthcare,A3,2029-03-07
SKU01300,Carbidopa,General Medicine,100mg,Capsule,Pfizer,13023,15179.71,620,63,BT148087,Drugfield Pharmaceuticals,B3,2030-06-08
SKU01301,Phenytoin,Antiepileptic,500mg,Tablet,Neimeth,2599,3879.74,289,82,BT196517,Emzor Pharmaceuticals,A1,2027-08-27
SKU01302,Linezolid,Antibiotic,250mg,Capsule,May & Baker,8976,12609.2,499,74,BT576313,Fidson Healthcare,B3,2027-12-03
SKU01303,Betamethasone,Corticosteroid,20mg,Tablet,Fidson,3664,4658.12,634,51,BT342894,Swiss Pharma Nigeria,C2,2029-12-10
SKU01304,Gabapentin,Antiepileptic,300mg,Capsule,GSK,5674,6954.12,514,58,BT247902,Evans Medical,A3,2028-04-11
SKU01305,Rifampicin,Antibiotic,625mg,Injection,Drugfield,12103,18913.46,890,91,BT719271,Emzor Pharmaceuticals,D1,2029-09-19
SKU01306,Rifampicin,Antibiotic,625mg,Suspension,GSK,11666,18424.33,974,98,BT875615,Fidson Healthcare,D1,2028-10-31
SKU01307,Levetiracetam,Antiepileptic,500mg,Capsule,Drugfield,2536,3634.18,332,37,BT635025,Evans Medical,B1,2030-03-21
SKU01308,Carbamazepine,Antiepileptic,200mg,Tablet,Neimeth,6377,9553.56,49,83,BT736791,May & Baker Nigeria,B2,2027-05-11
SKU01309,Dapagliflozin,Antidiabetic,25mg,Tablet,Neimeth,13573,17795.51,932,63,BT792952,May & Baker Nigeria,C2,2026-12-30
SKU01310,Insulin Aspart,Antidiabetic,25mg,Tablet,Emzor,9099,13370.9,311,36,BT204616,May & Baker Nigeria,C1,2028-08-13
SKU01311,Tetracycline,Antibiotic,500mg,Injection,Swiss Pharma,4470,6640.11,801,100,BT457268,Drugfield Pharmaceuticals,C3,2027-01-20
SKU01312,Sulfasalazine,General Medicine,100mg,Tablet,Pfizer,19303,22715.48,79,73,BT686794,Fidson Healthcare,A1,2028-08-07
SKU01313,Alprazolam,Psychiatric,10mg,Tablet,Evans,9190,13878.41,760,98,BT404136,Evans Medical,D1,2027-10-26
SKU01314,Vancomycin,Antibiotic,250mg,Injection,GSK,19380,29281.9,794,75,BT946351,May & Baker Nigeria,D2,2027-07-13
SKU01315,Metronidazole,Antifungal,150mg,Capsule,Evans,664,1057.43,188,66,BT431151,Evans Medical,C3,2028-01-03
SKU01316,Clonazepam,Psychiatric,5mg,Tablet,GSK,19360,24048.94,557,97,BT917084,Drugfield Pharmaceuticals,C2,2030-01-18
SKU01317,Paroxetine,Psychiatric,50mg,Tablet,Swiss Pharma,18642,21982.37,849,90,BT409535,Evans Medical,A3,2029-03-14
SKU01318,Ramipril,Antihypertensive,25mg,Tablet,Pfizer,11216,14332.43,518,53,BT519241,May & Baker Nigeria,B1,2029-07-04
SKU01319,Acyclovir,Antiviral,200mg,Tablet,Neimeth,13606,18642.37,441,95,BT968106,Evans Medical,C3,2029-04-18
SKU01320,Telmisartan,Antihypertensive,10mg,Tablet,Emzor,16223,20972.03,511,40,BT112521,Drugfield Pharmaceuticals,A1,2029-08-27
SKU01321,Zinc Sulphate,General Medicine,25mg,Capsule,Neimeth,10452,16516.9,669,100,BT953983,May & Baker Nigeria,B1,2027-07-15
SKU01322,Ibuprofen,NSAID,500mg,Gel,GSK,349,494.37,93,33,BT832699,May & Baker Nigeria,D2,2029-08-10
SKU01323,Glimepiride,Antidiabetic,10mg,Injection,Evans,1816,2645.14,598,61,BT942518,May & Baker Nigeria,A3,2028-07-30
SKU01324,Empagliflozin,Antidiabetic,850mg,Injection,Evans,12663,18577.61,717,74,BT875918,Evans Medical,C2,2030-06-09
SKU01325,Acetazolamide,General Medicine,25mg,Capsule,Pfizer,4598,5470.64,791,45,BT888526,Emzor Pharmaceuticals,A3,2028-05-22
SKU01326,Paroxetine,Psychiatric,5mg,Tablet,Drugfield,13268,19966.37,775,62,BT631429,Drugfield Pharmaceuticals,C1,2028-12-13
SKU01327,Olanzapine,Psychiatric,10mg,Tablet,Pfizer,18493,26787.15,948,42,BT772702,Emzor Pharmaceuticals,A2,2026-11-01
SKU01328,Simvastatin,Statin,10mg,Tablet,Emzor,14693,21200.01,180,32,BT641744,Drugfield Pharmaceuticals,D3,2030-01-01
SKU01329,Albendazole,Antifungal,500mg,Cream,Pfizer,8632,13102.16,170,42,BT929689,Swiss Pharma Nigeria,D3,2029-08-11
SKU01330,Spironolactone,Diuretic,25mg,Tablet,GSK,960,1380.35,35,35,BT938898,May & Baker Nigeria,D2,2027-07-01
SKU01331,Nifedipine,Antihypertensive,2.5mg,Tablet,Drugfield,928,1355.06,152,100,BT515461,Fidson Healthcare,A1,2030-02-17
SKU01332,Carvedilol,General Medicine,10mg,Capsule,May & Baker,3821,5407.84,749,42,BT278476,May & Baker Nigeria,B3,2029-09-07
SKU01333,Telmisartan,Antihypertensive,5mg,Tablet,Drugfield,9736,13228.5,144,43,BT176686,Swiss Pharma Nigeria,A3,2028-12-14
SKU01334,Chloroquine,Antimalarial,100mg,Injection,GSK,9143,13393.74,187,65,BT714641,Fidson Healthcare,B2,2027-03-21
SKU01335,Tamsulosin,General Medicine,25mg,Capsule,May & Baker,15313,20191.88,314,100,BT861162,Evans Medical,A3,2028-06-20
SKU01336,Digoxin,General Medicine,100mg,Tablet,Neimeth,14904,17619.47,706,84,BT182598,Evans Medical,B2,2027-11-13
SKU01337,Atenolol,Antihypertensive,2.5mg,Tablet,Emzor,19682,30598.22,159,67,BT908340,Emzor Pharmaceuticals,D1,2029-02-22
SKU01338,Artemether,Antimalarial,200mg,Injection,May & Baker,4844,5603.99,954,40,BT964761,Drugfield Pharmaceuticals,A1,2028-06-19
SKU01339,Warfarin,Anticoagulant,40mg,Tablet,Swiss Pharma,8364,12663.78,507,85,BT631718,Evans Medical,C3,2028-01-06
SKU01340,Ibuprofen,NSAID,50mg,Capsule,May & Baker,3286,3914.34,698,40,BT840517,Swiss Pharma Nigeria,B3,2027-01-07
SKU01341,Pyrazinamide,Antibiotic,125mg,Suspension,Emzor,1076,1306.28,492,49,BT711223,Swiss Pharma Nigeria,C2,2027-08-11
SKU01342,Timolol,Antihypertensive,100mg,Tablet,Swiss Pharma,2253,3343.84,461,42,BT871855,May & Baker Nigeria,A2,2028-03-22
SKU01343,Pregabalin,Antiepileptic,300mg,Capsule,Neimeth,12296,17723.44,396,31,BT344328,Swiss Pharma Nigeria,B3,2029-01-05
SKU01344,Pilocarpine,General Medicine,5mg,Tablet,Pfizer,7122,9862.72,938,54,BT319847,Evans Medical,D3,2029-08-14
SKU01345,Diazepam,Psychiatric,50mg,Tablet,Juhel,10973,16183.91,886,100,BT456725,Drugfield Pharmaceuticals,A2,2028-05-27
SKU01346,Insulin Regular,Antidiabetic,850mg,Injection,GSK,17681,24570.44,630,82,BT974960,Drugfield Pharmaceuticals,D2,2027-11-05
SKU01347,Nifedipine,Antihypertensive,50mg,Tablet,GSK,12898,19955.83,623,72,BT413189,Evans Medical,B3,2027-11-14
SKU01348,Codeine,Analgesic,1000mg,Injection,Swiss Pharma,12202,17635.42,688,25,BT831376,May & Baker Nigeria,A2,2026-10-16
SKU01349,Levothyroxine,General Medicine,100mg,Capsule,Juhel,12457,19141.24,962,31,BT445441,Fidson Healthcare,D3,2028-03-25
SKU01350,Tetracycline,Antibiotic,625mg,Suspension,Evans,16283,19025.57,23,87,BT602746,Emzor Pharmaceuticals,A1,2027-07-16
SKU01351,Propranolol,Antihypertensive,2.5mg,Tablet,Emzor,19806,24267.05,652,90,BT463403,Swiss Pharma Nigeria,C3,2029-07-07
SKU01352,Chlorpheniramine,Antihistamine,4mg,Syrup,Drugfield,4570,6908.03,837,99,BT597826,May & Baker Nigeria,C2,2030-02-17
SKU01353,Clotrimazole,Antifungal,500mg,Capsule,Fidson,1221,1466.91,253,73,BT333360,Swiss Pharma Nigeria,B3,2027-02-01
SKU01354,Levofloxacin,Antibiotic,125mg,Suspension,Drugfield,13729,20646.94,571,30,BT336885,Swiss Pharma Nigeria,A3,2027-09-02
SKU01355,Dexamethasone,Corticosteroid,5mg,Injection,GSK,4742,6879.05,971,51,BT550750,Fidson Healthcare,D2,2026-12-27
SKU01356,Clarithromycin,Antibiotic,250mg,Tablet,May & Baker,3990,5528.23,301,26,BT698359,May & Baker Nigeria,A3,2029-09-11
SKU01357,Lisinopril,Antihypertensive,50mg,Tablet,Emzor,13413,16618.03,669,79,BT525097,Drugfield Pharmaceuticals,B1,2027-03-20
SKU01358,Diphenhydramine,Antihistamine,180mg,Tablet,Swiss Pharma,1867,2238.35,922,29,BT936913,Swiss Pharma Nigeria,B3,2026-10-18
SKU01359,Bisoprolol,Antihypertensive,100mg,Tablet,Fidson,381,582.44,888,83,BT364970,Evans Medical,B1,2029-07-03
SKU01360,Piperacillin,Antibiotic,125mg,Injection,Neimeth,3417,4969.34,374,44,BT802078,Drugfield Pharmaceuticals,B3,2027-10-18
SKU01361,Spironolactone,Diuretic,40mg,Tablet,Swiss Pharma,18437,27080.71,855,77,BT358985,Emzor Pharmaceuticals,C2,2027-01-04
SKU01362,Pilocarpine,General Medicine,10mg,Capsule,Drugfield,1948,2560.11,779,80,BT603773,May & Baker Nigeria,C3,2028-02-10
SKU01363,Citalopram,Psychiatric,25mg,Tablet,Emzor,4085,5209.56,846,48,BT343257,Drugfield Pharmaceuticals,A3,2029-08-26
SKU01364,Cimetidine,General Medicine,10mg,Tablet,Juhel,19555,23932.04,214,36,BT373959,Drugfield Pharmaceuticals,C1,2026-10-17
SKU01365,Methylprednisolone,Corticosteroid,4mg,Injection,Drugfield,7004,9430.09,113,48,BT814491,Fidson Healthcare,D2,2030-03-01
SKU01366,Ibuprofen,NSAID,500mg,Gel,Evans,10581,16600.68,162,92,BT756753,Swiss Pharma Nigeria,B1,2029-02-16
SKU01367,Clarithromycin,Antibiotic,500mg,Injection,May & Baker,4013,5098.78,491,28,BT541600,Fidson Healthcare,C2,2028-01-25
SKU01368,Cyclosporine,General Medicine,100mg,Capsule,Emzor,6010,9538.06,601,35,BT304795,May & Baker Nigeria,D3,2030-02-07
SKU01369,Ropinirole,General Medicine,100mg,Capsule,Neimeth,19170,22272.66,182,41,BT346532,Fidson Healthcare,C3,2027-12-26
SKU01370,Praziquantel,General Medicine,100mg,Tablet,May & Baker,8110,11321.51,452,52,BT113482,Swiss Pharma Nigeria,C1,2027-05-14
SKU01371,Cyclosporine,General Medicine,100mg,Capsule,Pfizer,10625,15867.7,106,88,BT705625,Emzor Pharmaceuticals,D3,2030-03-08
SKU01372,Chlorpheniramine,Antihistamine,120mg,Tablet,Swiss Pharma,9645,15206.57,59,57,BT380783,Evans Medical,D2,2030-04-25
SKU01373,Cimetidine,General Medicine,100mg,Tablet,Pfizer,7211,11343.94,955,51,BT456203,Swiss Pharma Nigeria,A3,2029-01-28
SKU01374,Pyrimethamine,Antimalarial,200mg,Tablet,Juhel,10649,15959.88,376,55,BT760997,Emzor Pharmaceuticals,A2,2030-01-14
SKU01375,Tinidazole,Antifungal,100mg,Tablet,Pfizer,8717,12820.32,87,27,BT125458,May & Baker Nigeria,C3,2029-03-29
SKU01376,Tadalafil,General Medicine,5mg,Capsule,Evans,17110,19936.23,640,62,BT186584,Drugfield Pharmaceuticals,D2,2027-08-09
SKU01377,Budesonide,Respiratory,200mcg,Tablet,Fidson,9640,13292.28,737,34,BT108997,Evans Medical,A3,2030-06-10
SKU01378,Gabapentin,Antiepileptic,200mg,Tablet,Juhel,12536,18729.64,25,67,BT683349,Swiss Pharma Nigeria,B3,2030-01-21
SKU01379,Codeine,Analgesic,500mg,Syrup,Pfizer,12314,17121.19,509,89,BT438645,May & Baker Nigeria,A3,2027-01-14
SKU01380,Ibuprofen,NSAID,50mg,Tablet,Neimeth,3632,4220.55,904,66,BT184526,Evans Medical,B3,2029-05-29
SKU01381,Clotrimazole,Antifungal,100mg,Capsule,Swiss Pharma,16907,26270.27,570,25,BT493950,Evans Medical,C1,2029-04-20
SKU01382,Clotrimazole,Antifungal,500mg,Capsule,Neimeth,6554,8449.26,74,71,BT403882,May & Baker Nigeria,C3,2030-04-01
SKU01383,Gliclazide,Antidiabetic,850mg,Tablet,May & Baker,8334,11252.7,730,30,BT923751,Emzor Pharmaceuticals,B1,2027-09-04
SKU01384,Tadalafil,General Medicine,25mg,Tablet,Neimeth,1984,2785.07,804,45,BT738933,Fidson Healthcare,D1,2029-04-26
SKU01385,Azathioprine,General Medicine,50mg,Capsule,Emzor,6361,9738.65,423,62,BT123879,Evans Medical,A3,2029-07-11
SKU01386,Simvastatin,Statin,40mg,Tablet,May & Baker,3132,4547.15,631,71,BT575412,Emzor Pharmaceuticals,B3,2028-11-25
SKU01387,Tazobactam,Antibiotic,625mg,Tablet,Fidson,1885,2689.54,823,65,BT431746,Fidson Healthcare,D2,2027-05-19
SKU01388,Chloroquine,Antimalarial,50mg,Tablet,Swiss Pharma,2165,3123.2,427,52,BT793572,May & Baker Nigeria,C1,2028-03-15
SKU01389,Aluminium Hydroxide,General Medicine,10mg,Capsule,May & Baker,17890,23096.55,608,56,BT646874,Fidson Healthcare,B3,2028-01-17
SKU01390,Gliclazide,Antidiabetic,1000mg,Injection,Drugfield,4437,6841.7,172,80,BT173231,Fidson Healthcare,D3,2028-06-09
SKU01391,Cyclophosphamide,General Medicine,10mg,Capsule,GSK,16124,20186.62,228,62,BT811269,Swiss Pharma Nigeria,A3,2027-11-06
SKU01392,Vitamin C,General Medicine,10mg,Capsule,Neimeth,19586,23860.72,911,41,BT192768,Emzor Pharmaceuticals,A3,2029-02-24
SKU01393,Dapagliflozin,Antidiabetic,1000mg,Injection,Fidson,13584,21095.82,348,77,BT543616,Emzor Pharmaceuticals,B2,2030-06-18
SKU01394,Bromocriptine,General Medicine,5mg,Capsule,Fidson,12351,18561.4,589,35,BT835450,Emzor Pharmaceuticals,C1,2027-11-17
SKU01395,Mirtazapine,Psychiatric,5mg,Tablet,Neimeth,14222,17419.07,206,65,BT669850,Swiss Pharma Nigeria,A2,2026-11-11
SKU01396,Glimepiride,Antidiabetic,10mg,Tablet,Drugfield,17237,24532.19,412,72,BT625702,Fidson Healthcare,A2,2030-06-22
SKU01397,Mirtazapine,Psychiatric,5mg,Tablet,Pfizer,19876,24628.72,125,32,BT145994,Drugfield Pharmaceuticals,C3,2030-04-07
SKU01398,Cyclosporine,General Medicine,5mg,Tablet,Drugfield,15698,19226.37,530,81,BT614519,Emzor Pharmaceuticals,B1,2029-12-02
SKU01399,Dapagliflozin,Antidiabetic,850mg,Tablet,Drugfield,680,915.37,124,42,BT118331,Fidson Healthcare,B2,2027-08-21
SKU01400,Oxybutynin,General Medicine,25mg,Capsule,GSK,4653,7346.69,691,88,BT223142,Swiss Pharma Nigeria,B2,2029-03-08
SKU01401,Cyclosporine,General Medicine,50mg,Tablet,Evans,13836,16287.75,959,80,BT501631,Swiss Pharma Nigeria,C3,2027-05-31
SKU01402,Gliclazide,Antidiabetic,10mg,Injection,Neimeth,11207,13866.34,238,50,BT431150,Swiss Pharma Nigeria,C1,2026-11-03
SKU01403,Naproxen,NSAID,200mg,Capsule,GSK,6923,10441.53,2,79,BT280276,Emzor Pharmaceuticals,D2,2029-10-01
SKU01404,Digoxin,General Medicine,50mg,Tablet,May & Baker,9108,13662.3,372,80,BT872803,Drugfield Pharmaceuticals,B3,2029-05-11
SKU01405,Lorazepam,Psychiatric,10mg,Tablet,Evans,776,1203.51,919,100,BT228960,Swiss Pharma Nigeria,B1,2030-03-03
SKU01406,Isoniazid,Antibiotic,1g,Tablet,May & Baker,1086,1423.43,944,53,BT472004,Emzor Pharmaceuticals,C2,2029-08-21
SKU01407,Magnesium Hydroxide,General Medicine,5mg,Tablet,Swiss Pharma,13451,15967.71,76,29,BT367093,Fidson Healthcare,C2,2028-03-25
SKU01408,Calcium Carbonate,General Medicine,10mg,Tablet,Swiss Pharma,5603,8504.08,301,54,BT487429,Evans Medical,C2,2028-04-12
SKU01409,Oseltamivir,Antiviral,800mg,Capsule,Evans,5945,9222.28,538,36,BT933845,Evans Medical,D3,2027-08-02
SKU01410,Ethambutol,Antibiotic,500mg,Capsule,Fidson,11905,17923.61,111,96,BT748885,Evans Medical,D1,2027-11-09
SKU01411,Morphine,Analgesic,1000mg,Syrup,Evans,10876,12583.13,210,66,BT567333,Fidson Healthcare,B2,2028-04-27
SKU01412,Spironolactone,Diuretic,50mg,Tablet,Fidson,13794,19307.31,439,21,BT937184,May & Baker Nigeria,C3,2027-09-02
SKU01413,Phenytoin,Antiepileptic,300mg,Tablet,Swiss Pharma,13478,18816.23,42,56,BT202807,Drugfield Pharmaceuticals,D3,2027-06-03
SKU01414,Azithromycin,Antibiotic,500mg,Suspension,Fidson,3176,4447.03,300,62,BT636154,Emzor Pharmaceuticals,A1,2028-07-15
SKU01415,Lansoprazole,Antifungal,500mg,Cream,Evans,4209,6375.46,93,58,BT303632,Drugfield Pharmaceuticals,A2,2030-02-26
SKU01416,Aspirin,General Medicine,25mg,Tablet,Juhel,17740,20900.19,924,51,BT233740,Drugfield Pharmaceuticals,A1,2027-04-01
SKU01417,Cimetidine,General Medicine,50mg,Tablet,Emzor,19479,29925.7,577,74,BT305458,Drugfield Pharmaceuticals,B2,2030-02-05
SKU01418,Cloxacillin,Antibiotic,250mg,Tablet,Swiss Pharma,9762,14615.06,36,94,BT922277,Swiss Pharma Nigeria,B3,2027-04-23
SKU01419,Ampicillin,Antibiotic,1g,Injection,Juhel,8909,13722.17,599,84,BT688128,May & Baker Nigeria,D2,2027-07-10
SKU01420,Nitroglycerin,General Medicine,10mg,Tablet,Neimeth,17374,26902.61,402,66,BT792181,Emzor Pharmaceuticals,D2,2027-04-25
SKU01421,Artemether,Antimalarial,200mg,Injection,Pfizer,16350,19672.44,39,30,BT924641,Drugfield Pharmaceuticals,C2,2027-08-16
SKU01422,Ferrous Sulphate,General Medicine,5mg,Capsule,May & Baker,5598,8898.73,722,96,BT875266,Swiss Pharma Nigeria,B1,2030-04-05
SKU01423,Atorvastatin,Statin,20mg,Tablet,Swiss Pharma,14835,21235.22,860,34,BT618837,May & Baker Nigeria,D2,2029-01-14
SKU01424,Linezolid,Antibiotic,1g,Injection,Pfizer,18384,26083.84,489,33,BT102725,Emzor Pharmaceuticals,D2,2028-02-18
SKU01425,Amlodipine,Antihypertensive,10mg,Tablet,Swiss Pharma,5387,7977.21,766,74,BT961832,Evans Medical,B2,2027-10-03
SKU01426,Rosuvastatin,Statin,80mg,Tablet,Juhel,13536,18320.18,62,24,BT319519,Drugfield Pharmaceuticals,B2,2029-09-27
SKU01427,Sulfasalazine,General Medicine,5mg,Capsule,Neimeth,3558,5065.08,701,46,BT319773,Drugfield Pharmaceuticals,B2,2030-05-04
SKU01428,Donepezil,General Medicine,100mg,Tablet,Fidson,3889,5442.9,604,63,BT107031,Fidson Healthcare,C1,2028-04-26
SKU01429,Pramipexole,General Medicine,25mg,Tablet,Fidson,2887,3742.5,837,64,BT550009,Emzor Pharmaceuticals,D1,2030-02-18
SKU01430,Artemether,Antimalarial,20/120mg,Injection,Emzor,3368,5369.52,21,20,BT974291,Drugfield Pharmaceuticals,D1,2028-05-19
SKU01431,Ondansetron,General Medicine,50mg,Tablet,Pfizer,7697,12133.33,703,21,BT930226,Swiss Pharma Nigeria,C2,2030-05-02
SKU01432,Propranolol,Antihypertensive,50mg,Tablet,Drugfield,14272,21868.06,2,39,BT225879,Emzor Pharmaceuticals,B1,2029-05-17
SKU01433,Apixaban,Anticoagulant,10mg,Injection,Juhel,8125,12730.32,448,34,BT928363,Evans Medical,B3,2027-03-21
SKU01434,Cefotaxime,Antibiotic,625mg,Capsule,Evans,7217,10927.66,515,37,BT242120,Drugfield Pharmaceuticals,A1,2028-10-26
SKU01435,Empagliflozin,Antidiabetic,850mg,Tablet,GSK,19747,27333.89,288,88,BT375046,Drugfield Pharmaceuticals,C2,2027-08-12
SKU01436,Enoxaparin,Anticoagulant,40mg,Injection,Evans,9783,11961.16,732,38,BT689991,Fidson Healthcare,A3,2027-05-02
SKU01437,Amlodipine,Antihypertensive,100mg,Tablet,Drugfield,8763,13993.91,332,56,BT718077,Emzor Pharmaceuticals,A3,2027-12-04
SKU01438,Artemether,Antimalarial,100mg,Injection,GSK,7669,11503.57,597,31,BT903932,Drugfield Pharmaceuticals,B3,2028-05-15
SKU01439,Lisinopril,Antihypertensive,2.5mg,Tablet,Neimeth,18717,25606.42,10,76,BT393458,Swiss Pharma Nigeria,A3,2029-01-23
SKU01440,Vancomycin,Antibiotic,625mg,Tablet,GSK,3271,4288.39,946,48,BT785640,Swiss Pharma Nigeria,D3,2028-07-27
SKU01441,Colchicine,General Medicine,5mg,Tablet,Fidson,9480,15133.95,62,36,BT984587,Emzor Pharmaceuticals,A2,2029-01-13
SKU01442,Cyclosporine,General Medicine,5mg,Capsule,Fidson,3891,5586.69,692,98,BT547953,Drugfield Pharmaceuticals,D3,2030-04-16
SKU01443,Amoxicillin,Antibiotic,625mg,Injection,Fidson,14435,21454.84,846,27,BT252286,May & Baker Nigeria,C2,2029-09-01
SKU01444,Domperidone,General Medicine,100mg,Capsule,GSK,8345,10685.97,54,43,BT446131,Swiss Pharma Nigeria,C3,2030-02-04
SKU01445,Methotrexate,General Medicine,50mg,Tablet,Drugfield,3638,5635.41,163,99,BT590114,Emzor Pharmaceuticals,B2,2028-08-16
SKU01446,Bromocriptine,General Medicine,100mg,Tablet,Pfizer,11907,14842.86,585,77,BT377894,Swiss Pharma Nigeria,A3,2028-09-05
SKU01447,Ondansetron,General Medicine,100mg,Tablet,Swiss Pharma,3062,4721.84,629,37,BT917628,Emzor Pharmaceuticals,B2,2030-03-12
SKU01448,Rosuvastatin,Statin,20mg,Tablet,Emzor,11499,16311.5,753,22,BT858274,Drugfield Pharmaceuticals,B3,2028-03-27
SKU01449,Azathioprine,General Medicine,5mg,Capsule,Emzor,8413,12731.47,75,59,BT934031,Swiss Pharma Nigeria,C3,2029-02-03
SKU01450,Cyclophosphamide,General Medicine,50mg,Tablet,May & Baker,15022,23070.41,383,34,BT215781,May & Baker Nigeria,C2,2027-01-09
SKU01451,Rosuvastatin,Statin,10mg,Tablet,Evans,15416,21937.99,615,43,BT748707,May & Baker Nigeria,C2,2028-07-27
SKU01452,Insulin Regular,Antidiabetic,500mg,Tablet,Emzor,17958,24236.98,74,90,BT285134,Swiss Pharma Nigeria,D3,2028-08-13
SKU01453,Diazepam,Psychiatric,50mg,Tablet,Emzor,15217,22207.51,940,41,BT368124,Fidson Healthcare,A2,2028-08-11
SKU01454,Isoniazid,Antibiotic,625mg,Injection,Swiss Pharma,8242,12587.71,544,62,BT627570,Fidson Healthcare,B3,2030-03-29
SKU01455,Gabapentin,Antiepileptic,200mg,Tablet,Neimeth,17481,24334.08,932,62,BT588753,May & Baker Nigeria,C1,2029-04-06
SKU01456,Risperidone,Psychiatric,25mg,Tablet,Emzor,9905,14290.61,957,21,BT458095,Fidson Healthcare,B3,2030-05-06
SKU01457,Domperidone,General Medicine,100mg,Capsule,Pfizer,6921,10138.61,155,77,BT824792,Drugfield Pharmaceuticals,D3,2026-11-20
SKU01458,Nystatin,Statin,20mg,Tablet,Pfizer,6058,9135.23,771,44,BT519636,Drugfield Pharmaceuticals,A3,2026-12-10
SKU01459,Clonazepam,Psychiatric,25mg,Tablet,Drugfield,17634,23703.47,770,89,BT840471,Fidson Healthcare,D1,2028-12-30
SKU01460,Tadalafil,General Medicine,50mg,Capsule,Neimeth,13316,16615.21,738,98,BT197789,Evans Medical,A1,2029-07-22
SKU01461,Verapamil,Antihypertensive,5mg,Tablet,Drugfield,13994,17571.05,165,38,BT587632,Evans Medical,A1,2029-05-16
SKU01462,Cyclophosphamide,General Medicine,50mg,Capsule,Neimeth,19427,25954.48,46,94,BT642161,Drugfield Pharmaceuticals,D1,2028-07-01
SKU01463,Pioglitazone,Antidiabetic,1000mg,Injection,Emzor,16821,26520.03,635,34,BT244240,Emzor Pharmaceuticals,B3,2028-06-28
SKU01464,Insulin Aspart,Antidiabetic,500mg,Injection,Fidson,2635,3947.2,674,81,BT235811,Evans Medical,B2,2029-11-26
SKU01465,Ceftriaxone,Antibiotic,125mg,Tablet,GSK,14191,19523.82,609,68,BT980208,Emzor Pharmaceuticals,A1,2027-02-10
SKU01466,Tadalafil,General Medicine,100mg,Capsule,Drugfield,19466,28259.59,416,45,BT134599,Drugfield Pharmaceuticals,B2,2027-10-31
SKU01467,Fluoxetine,Psychiatric,10mg,Tablet,Emzor,13373,15411.06,903,33,BT667245,Fidson Healthcare,C3,2027-06-20
SKU01468,Meloxicam,NSAID,400mg,Gel,Evans,2719,3258.3,840,76,BT259375,Evans Medical,D1,2030-02-01
SKU01469,Loratadine,Antihistamine,10mg,Tablet,Swiss Pharma,2692,3579.93,409,97,BT238883,Evans Medical,B3,2029-04-22
SKU01470,Ibuprofen,NSAID,400mg,Gel,Evans,1018,1505.02,175,29,BT542837,Evans Medical,A3,2029-06-27
SKU01471,Magnesium Hydroxide,General Medicine,10mg,Tablet,Swiss Pharma,3417,4335.79,630,78,BT146689,Emzor Pharmaceuticals,B1,2029-03-27
SKU01472,Alprazolam,Psychiatric,100mg,Tablet,Juhel,2286,3406.3,397,99,BT813993,Drugfield Pharmaceuticals,D2,2027-01-05
SKU01473,Amiodarone,General Medicine,25mg,Tablet,Fidson,3173,4696.31,299,53,BT486291,Emzor Pharmaceuticals,A1,2029-02-21
SKU01474,Memantine,General Medicine,5mg,Capsule,Drugfield,12732,14694.33,87,28,BT337342,Emzor Pharmaceuticals,B1,2027-07-21
SKU01475,Betamethasone,Corticosteroid,40mg,Cream,Swiss Pharma,7017,10296.65,944,57,BT221113,Emzor Pharmaceuticals,B2,2030-03-10
SKU01476,Warfarin,Anticoagulant,10mg,Injection,GSK,17293,27048.98,775,36,BT179444,May & Baker Nigeria,D3,2026-12-20
SKU01477,Pilocarpine,General Medicine,50mg,Tablet,Emzor,11959,16712.25,35,65,BT410089,May & Baker Nigeria,B2,2029-08-23
SKU01478,Tacrolimus,General Medicine,10mg,Tablet,Swiss Pharma,419,545.58,1000,61,BT923891,Evans Medical,D1,2029-03-12
SKU01479,Topiramate,Antiepileptic,500mg,Tablet,Fidson,1044,1355.35,418,55,BT136787,Swiss Pharma Nigeria,D1,2028-09-02
SKU01480,Terbutaline,Respiratory,100mcg,Inhaler,Drugfield,2682,3148.08,647,34,BT131870,Fidson Healthcare,C2,2030-03-05
SKU01481,Paroxetine,Psychiatric,10mg,Tablet,May & Baker,9553,12623.86,676,35,BT739454,Drugfield Pharmaceuticals,B3,2027-08-13
SKU01482,Meropenem,Antibiotic,500mg,Capsule,Juhel,15160,18518.83,129,92,BT551065,Swiss Pharma Nigeria,C1,2029-12-28
SKU01483,Venlafaxine,Psychiatric,25mg,Tablet,May & Baker,14734,18877.66,204,98,BT758405,Swiss Pharma Nigeria,C1,2027-05-16
SKU01484,Flucloxacillin,Antibiotic,250mg,Tablet,Fidson,14242,18430.05,348,49,BT440743,Emzor Pharmaceuticals,D3,2028-08-12
SKU01485,Imipenem,Antibiotic,125mg,Injection,May & Baker,18303,22129.6,694,81,BT969213,Drugfield Pharmaceuticals,B2,2029-09-10
SKU01486,Oxybutynin,General Medicine,10mg,Tablet,Fidson,438,590.5,339,54,BT936969,Drugfield Pharmaceuticals,C1,2029-12-21
SKU01487,Vancomycin,Antibiotic,500mg,Capsule,Neimeth,8872,12559.42,756,30,BT747399,Drugfield Pharmaceuticals,A2,2030-05-19
SKU01488,Bupropion,Psychiatric,25mg,Tablet,Swiss Pharma,3776,5397.68,876,63,BT425683,May & Baker Nigeria,C1,2028-09-03
SKU01489,Carbimazole,Antifungal,500mg,Tablet,Pfizer,18778,26549.22,858,41,BT382172,May & Baker Nigeria,D2,2028-08-23
SKU01490,Tacrolimus,General Medicine,100mg,Capsule,Evans,19154,24342.9,46,65,BT906616,Swiss Pharma Nigeria,A3,2029-09-07
SKU01491,Sodium Valproate,Antiepileptic,200mg,Tablet,GSK,8057,10403.47,993,88,BT266452,May & Baker Nigeria,D2,2027-03-03
SKU01492,Imipenem,Antibiotic,125mg,Injection,Drugfield,9972,14716.39,105,91,BT165322,Fidson Healthcare,D3,2030-01-13
SKU01493,Vitamin C,General Medicine,50mg,Capsule,Drugfield,4572,6379.31,336,54,BT456792,Emzor Pharmaceuticals,C1,2030-06-05
SKU01494,Valacyclovir,Antiviral,500mg,Tablet,Drugfield,7409,10271.14,49,91,BT308098,Fidson Healthcare,B3,2029-03-29
SKU01495,Carbimazole,Antifungal,500mg,Capsule,Drugfield,9744,11766.85,619,55,BT385376,Fidson Healthcare,D3,2027-10-03
SKU01496,Sertraline,Psychiatric,100mg,Tablet,Evans,8635,13606.58,819,79,BT208163,Swiss Pharma Nigeria,C3,2029-11-04
SKU01497,Sulfadoxine,Antimalarial,50mg,Injection,Evans,13674,18360.16,476,97,BT179546,Swiss Pharma Nigeria,D1,2028-01-05
SKU01498,Donepezil,General Medicine,5mg,Capsule,May & Baker,19986,30719.83,910,32,BT206511,Fidson Healthcare,A3,2027-11-02
SKU01499,Simvastatin,Statin,10mg,Tablet,Emzor,6038,9426.98,76,99,BT648344,Evans Medical,A1,2028-10-13
SKU01500,Prednisolone,Corticosteroid,5mg,Injection,GSK,5157,6517.98,461,30,BT726180,May & Baker Nigeria,B1,2028-06-04
SKU01501,Carvedilol,General Medicine,50mg,Capsule,Emzor,11162,14234.18,85,50,BT270661,Evans Medical,D3,2027-12-05
SKU01502,Meloxicam,NSAID,200mg,Gel,Evans,17579,27237.33,397,36,BT727929,Fidson Healthcare,B3,2030-04-24
SKU01503,Nystatin,Statin,40mg,Tablet,Pfizer,16051,22533.71,919,72,BT809390,Evans Medical,C2,2028-09-20
SKU01504,Ibuprofen,NSAID,400mg,Tablet,Swiss Pharma,14625,21342.14,789,42,BT530522,Drugfield Pharmaceuticals,D1,2029-07-05
SKU01505,Sildenafil,General Medicine,10mg,Tablet,Juhel,5294,6710.43,919,34,BT997779,Evans Medical,B2,2026-10-25
SKU01506,Ferrous Sulphate,General Medicine,25mg,Capsule,May & Baker,921,1296.37,910,85,BT692632,Swiss Pharma Nigeria,D2,2029-07-21
SKU01507,Pramipexole,General Medicine,25mg,Capsule,GSK,11738,16417.65,16,46,BT267462,Emzor Pharmaceuticals,D2,2028-10-31
SKU01508,Aluminium Hydroxide,General Medicine,5mg,Tablet,Neimeth,8419,11442.64,907,51,BT388981,Evans Medical,C1,2029-11-12
SKU01509,Diazepam,Psychiatric,50mg,Tablet,Neimeth,19202,26166.24,691,28,BT884982,Evans Medical,B2,2027-08-15
SKU01510,Ibuprofen,NSAID,200mg,Tablet,GSK,18511,21803.02,868,69,BT893794,May & Baker Nigeria,B1,2029-07-20
SKU01511,Warfarin,Anticoagulant,2.5mg,Tablet,May & Baker,5643,8344.35,862,85,BT350994,Swiss Pharma Nigeria,A2,2027-06-30
SKU01512,Amitriptyline,Psychiatric,10mg,Tablet,Pfizer,7605,9346.61,449,69,BT361006,Evans Medical,B3,2027-04-25
SKU01513,Nitroglycerin,General Medicine,100mg,Tablet,Swiss Pharma,848,981.87,586,79,BT132982,Drugfield Pharmaceuticals,A2,2027-12-16
SKU01514,Ondansetron,General Medicine,50mg,Capsule,Evans,4135,4776.98,630,65,BT118466,Emzor Pharmaceuticals,A2,2027-04-28
SKU01515,Carbidopa,General Medicine,100mg,Capsule,May & Baker,7984,9623.55,239,74,BT257721,Swiss Pharma Nigeria,A2,2026-11-15
SKU01516,Meropenem,Antibiotic,250mg,Injection,Emzor,11486,14707.98,277,37,BT735048,Evans Medical,A2,2028-06-04
SKU01517,Spironolactone,Diuretic,40mg,Tablet,Evans,14352,18057.54,855,50,BT313301,Swiss Pharma Nigeria,D1,2029-04-03
SKU01518,Lumefantrine,Antimalarial,50mg,Injection,Fidson,6036,7477.27,791,47,BT200686,Drugfield Pharmaceuticals,B2,2030-07-06
SKU01519,Mebendazole,Antifungal,100mg,Cream,May & Baker,6872,10809.83,255,47,BT912722,Drugfield Pharmaceuticals,C1,2029-06-26
SKU01520,Duloxetine,Psychiatric,10mg,Tablet,Evans,1952,2394.76,98,28,BT518953,Fidson Healthcare,C2,2028-01-23
SKU01521,Albendazole,Antifungal,200mg,Tablet,Swiss Pharma,13989,21715.43,269,99,BT215557,Fidson Healthcare,C1,2029-11-18
SKU01522,Loperamide,General Medicine,5mg,Tablet,Fidson,14830,23519.47,474,54,BT874082,Drugfield Pharmaceuticals,B1,2030-01-26
SKU01523,Oxybutynin,General Medicine,10mg,Tablet,Swiss Pharma,3477,5531.21,712,86,BT242278,Drugfield Pharmaceuticals,D3,2029-09-10
SKU01524,Chloroquine,Antimalarial,100mg,Injection,May & Baker,9859,11513.81,130,34,BT651866,Fidson Healthcare,A2,2027-11-24
SKU01525,Diltiazem,Antihypertensive,5mg,Tablet,Juhel,9234,12112.2,891,38,BT899113,Swiss Pharma Nigeria,D1,2030-04-17
SKU01526,Ethambutol,Antibiotic,250mg,Suspension,May & Baker,15868,24093.99,126,44,BT295475,Drugfield Pharmaceuticals,D3,2029-05-23
SKU01527,Tetracycline,Antibiotic,250mg,Tablet,GSK,18705,28055.15,28,26,BT177534,Fidson Healthcare,C3,2027-12-13
SKU01528,Pyrazinamide,Antibiotic,625mg,Capsule,Emzor,9275,12222.51,477,70,BT235300,Emzor Pharmaceuticals,A1,2029-04-29
SKU01529,Levofloxacin,Antibiotic,250mg,Capsule,Fidson,10582,12462.44,852,98,BT510122,Emzor Pharmaceuticals,D3,2029-11-19
SKU01530,Lisinopril,Antihypertensive,10mg,Tablet,Emzor,689,871.0,649,44,BT396437,Evans Medical,D3,2027-08-08
SKU01531,Gabapentin,Antiepileptic,100mg,Capsule,Emzor,11359,14017.21,390,56,BT746808,Drugfield Pharmaceuticals,C3,2029-05-16
SKU01532,Cimetidine,General Medicine,100mg,Capsule,May & Baker,12907,18104.58,279,79,BT541240,Swiss Pharma Nigeria,A1,2028-01-21
SKU01533,Sulfadoxine,Antimalarial,50mg,Tablet,Fidson,11103,17238.55,568,66,BT174529,Swiss Pharma Nigeria,A1,2028-09-08
SKU01534,Isosorbide Mononitrate,General Medicine,5mg,Tablet,Drugfield,6247,8317.31,523,75,BT934329,May & Baker Nigeria,B2,2027-12-08
SKU01535,Pioglitazone,Antidiabetic,25mg,Tablet,Fidson,16640,19666.08,790,37,BT847245,Emzor Pharmaceuticals,B2,2027-05-08
SKU01536,Latanoprost,General Medicine,100mg,Tablet,Juhel,7902,11419.22,230,41,BT707165,Evans Medical,C2,2028-04-18
SKU01537,Propylthiouracil,General Medicine,25mg,Capsule,Emzor,4206,6239.94,448,40,BT279122,Emzor Pharmaceuticals,B2,2030-02-21
SKU01538,Metoclopramide,General Medicine,5mg,Tablet,Swiss Pharma,314,473.91,690,97,BT812574,Swiss Pharma Nigeria,A2,2026-11-24
SKU01539,Clotrimazole,Antifungal,200mg,Capsule,Evans,15118,18543.01,362,68,BT614233,Drugfield Pharmaceuticals,B1,2028-01-07
SKU01540,Loperamide,General Medicine,25mg,Tablet,Juhel,12494,17165.0,608,37,BT390242,Fidson Healthcare,C3,2029-02-05
SKU01541,Ibuprofen,NSAID,100mg,Tablet,Neimeth,1381,1773.23,497,26,BT207634,Evans Medical,D2,2027-11-24
SKU01542,Tramadol,Analgesic,500mg,Tablet,Fidson,7199,8381.95,514,97,BT857365,Evans Medical,D2,2026-11-15
SKU01543,Fexofenadine,Antihistamine,180mg,Syrup,GSK,14656,22115.04,978,28,BT588095,Evans Medical,C2,2027-12-08
SKU01544,Quetiapine,Psychiatric,50mg,Tablet,Juhel,4933,7136.53,606,35,BT567946,Fidson Healthcare,B3,2028-03-07
SKU01545,Paracetamol,Analgesic,500mg,Syrup,Juhel,8696,12264.19,511,38,BT990142,Emzor Pharmaceuticals,B2,2027-04-17
SKU01546,Rivastigmine,General Medicine,5mg,Capsule,Neimeth,11587,17408.93,694,72,BT859062,Emzor Pharmaceuticals,D3,2029-01-31
SKU01547,Acetazolamide,General Medicine,50mg,Tablet,Evans,12760,15748.15,776,80,BT586014,Fidson Healthcare,A3,2030-05-08
SKU01548,Verapamil,Antihypertensive,100mg,Tablet,Drugfield,8005,12715.31,577,77,BT308279,May & Baker Nigeria,A1,2030-02-27
SKU01549,Isoniazid,Antibiotic,250mg,Capsule,May & Baker,9761,15608.31,954,27,BT579759,Swiss Pharma Nigeria,C1,2027-09-17
SKU01550,Pregabalin,Antiepileptic,500mg,Capsule,Juhel,17820,26507.5,80,74,BT499010,Fidson Healthcare,A2,2028-12-02
SKU01551,Potassium Chloride,General Medicine,50mg,Tablet,Juhel,5854,7004.23,185,87,BT875713,Drugfield Pharmaceuticals,D1,2027-07-26
SKU01552,Loperamide,General Medicine,5mg,Tablet,Pfizer,8932,13173.81,827,86,BT703818,Swiss Pharma Nigeria,C1,2029-12-21
SKU01553,Diclofenac,NSAID,100mg,Capsule,GSK,382,585.33,566,92,BT820239,Emzor Pharmaceuticals,B2,2029-12-20
SKU01554,Levetiracetam,Antiepileptic,500mg,Capsule,Evans,19086,23206.5,448,36,BT548032,Drugfield Pharmaceuticals,B1,2027-06-22
SKU01555,Venlafaxine,Psychiatric,5mg,Tablet,Pfizer,2341,3510.62,496,65,BT830112,Swiss Pharma Nigeria,C2,2029-09-15
SKU01556,Vitamin B Complex,General Medicine,10mg,Capsule,Swiss Pharma,992,1278.86,766,24,BT417340,Evans Medical,A2,2029-02-15
SKU01557,Venlafaxine,Psychiatric,5mg,Tablet,Swiss Pharma,10327,12198.6,250,96,BT378884,Evans Medical,B2,2029-10-27
SKU01558,Insulin Regular,Antidiabetic,10mg,Tablet,Neimeth,13581,18363.52,854,31,BT792677,Swiss Pharma Nigeria,A2,2028-12-12
SKU01559,Carbimazole,Antifungal,200mg,Capsule,Juhel,17740,22456.48,249,71,BT314650,Emzor Pharmaceuticals,A2,2029-07-14
SKU01560,Oxybutynin,General Medicine,5mg,Capsule,Fidson,5424,7349.19,71,79,BT245923,Fidson Healthcare,A3,2027-06-28
SKU01561,Heparin,Anticoagulant,2.5mg,Tablet,Evans,802,950.83,646,52,BT372581,Drugfield Pharmaceuticals,A3,2028-01-27
SKU01562,Spironolactone,Diuretic,100mg,Tablet,Emzor,11035,15447.83,550,76,BT192850,Evans Medical,D1,2029-04-25
SKU01563,Ciprofloxacin,Antibiotic,250mg,Suspension,Drugfield,6159,7591.15,527,79,BT123375,Emzor Pharmaceuticals,A2,2028-12-04
SKU01564,Levofloxacin,Antibiotic,1g,Injection,GSK,9744,13601.14,716,43,BT794908,Fidson Healthcare,D3,2027-10-10
SKU01565,Amitriptyline,Psychiatric,100mg,Tablet,Juhel,14921,23657.12,807,73,BT614737,Evans Medical,D2,2029-12-08
SKU01566,Magnesium Hydroxide,General Medicine,5mg,Tablet,Neimeth,1198,1516.69,326,23,BT151404,Evans Medical,C2,2029-03-07
SKU01567,Nifedipine,Antihypertensive,5mg,Tablet,Swiss Pharma,15500,21370.17,332,95,BT816289,Evans Medical,D2,2030-06-14
SKU01568,Cefuroxime,Antibiotic,500mg,Capsule,GSK,174,201.1,785,34,BT863958,Fidson Healthcare,A3,2029-05-26
SKU01569,Esomeprazole,Antifungal,150mg,Capsule,Swiss Pharma,9579,11416.19,110,61,BT152048,Swiss Pharma Nigeria,D2,2029-08-13
SKU01570,Apixaban,Anticoagulant,20mg,Tablet,Emzor,13921,22034.42,351,36,BT226641,Drugfield Pharmaceuticals,C3,2029-01-23
SKU01571,Praziquantel,General Medicine,5mg,Capsule,Pfizer,15460,20041.55,176,48,BT135767,Swiss Pharma Nigeria,C1,2030-02-23
SKU01572,Telmisartan,Antihypertensive,100mg,Tablet,May & Baker,8801,12425.26,263,87,BT662947,Evans Medical,A2,2027-10-19
SKU01573,Citalopram,Psychiatric,10mg,Tablet,Pfizer,16003,22459.83,685,83,BT988667,May & Baker Nigeria,B1,2028-08-16
SKU01574,Colchicine,General Medicine,50mg,Tablet,Fidson,2941,4314.2,91,30,BT646412,May & Baker Nigeria,A2,2029-08-24
SKU01575,Pioglitazone,Antidiabetic,10mg,Injection,Juhel,2259,3596.33,277,98,BT966166,Fidson Healthcare,A1,2029-11-08
SKU01576,Tetracycline,Antibiotic,250mg,Capsule,Fidson,489,663.85,817,21,BT766571,Swiss Pharma Nigeria,C2,2027-01-10
SKU01577,Vitamin B Complex,General Medicine,100mg,Capsule,Emzor,16874,22730.62,738,88,BT127082,Drugfield Pharmaceuticals,B3,2027-01-08
SKU01578,Gabapentin,Antiepileptic,200mg,Tablet,Fidson,1045,1645.1,425,70,BT346036,Evans Medical,A3,2027-04-29
SKU01579,Digoxin,General Medicine,10mg,Capsule,Drugfield,4704,6299.13,344,56,BT238423,Emzor Pharmaceuticals,A3,2028-02-29
SKU01580,Acetazolamide,General Medicine,50mg,Capsule,Neimeth,16981,23948.75,988,82,BT989010,Emzor Pharmaceuticals,C3,2028-08-11
SKU01581,Warfarin,Anticoagulant,5mg,Injection,May & Baker,11459,17084.46,578,33,BT377222,Drugfield Pharmaceuticals,C2,2030-05-11
SKU01582,Ramipril,Antihypertensive,2.5mg,Tablet,GSK,15188,18357.89,583,74,BT926366,Swiss Pharma Nigeria,D2,2030-04-27
SKU01583,Atorvastatin,Statin,20mg,Tablet,GSK,15855,20483.1,410,29,BT570968,Evans Medical,C1,2028-01-10
SKU01584,Celecoxib,NSAID,100mg,Capsule,Neimeth,7483,11514.53,409,26,BT933622,Swiss Pharma Nigeria,A2,2027-12-10
SKU01585,Colchicine,General Medicine,50mg,Tablet,Drugfield,3657,5570.41,151,48,BT213402,Swiss Pharma Nigeria,A2,2027-11-23
SKU01586,Lisinopril,Antihypertensive,5mg,Tablet,Neimeth,7814,11206.62,646,30,BT954368,Drugfield Pharmaceuticals,A3,2030-03-02
SKU01587,Magnesium Sulphate,General Medicine,100mg,Tablet,Neimeth,13374,20499.22,237,29,BT593851,Emzor Pharmaceuticals,C3,2028-08-17
SKU01588,Lamotrigine,Antiepileptic,300mg,Tablet,Pfizer,8418,9957.01,808,27,BT277846,Swiss Pharma Nigeria,B1,2029-10-19
SKU01589,Clonazepam,Psychiatric,5mg,Tablet,Drugfield,4198,6117.33,327,77,BT311716,Swiss Pharma Nigeria,A1,2026-12-24
SKU01590,Azithromycin,Antibiotic,1g,Tablet,Neimeth,4349,6055.78,8,94,BT694369,Drugfield Pharmaceuticals,D1,2029-10-02
SKU01591,Acetazolamide,General Medicine,25mg,Tablet,Swiss Pharma,1801,2723.19,976,91,BT637075,Drugfield Pharmaceuticals,D2,2029-07-23
SKU01592,Mebendazole,Antifungal,100mg,Cream,Drugfield,14433,20417.6,683,66,BT212189,May & Baker Nigeria,A1,2029-07-04
SKU01593,Pantoprazole,Antifungal,200mg,Cream,Swiss Pharma,4508,6111.78,381,93,BT237764,Swiss Pharma Nigeria,C2,2029-08-01
SKU01594,Allopurinol,General Medicine,25mg,Tablet,Evans,8046,9425.65,520,66,BT909545,Fidson Healthcare,D1,2030-06-09
SKU01595,Diphenhydramine,Antihistamine,4mg,Syrup,Juhel,19468,22460.1,844,71,BT891424,May & Baker Nigeria,D1,2027-12-07
SKU01596,Erythromycin,Antibiotic,250mg,Injection,Juhel,12875,20196.45,832,64,BT729751,Emzor Pharmaceuticals,A1,2030-03-07
SKU01597,Rosuvastatin,Statin,10mg,Tablet,Swiss Pharma,4613,6285.62,462,62,BT806369,Fidson Healthcare,B1,2026-12-30
SKU01598,Magnesium Sulphate,General Medicine,10mg,Tablet,Swiss Pharma,14333,17541.53,161,26,BT187685,May & Baker Nigeria,C2,2029-06-20
SKU01599,Dapagliflozin,Antidiabetic,1000mg,Injection,Drugfield,2989,3753.34,831,35,BT242948,Fidson Healthcare,B3,2026-12-12
SKU01600,Ampicillin,Antibiotic,625mg,Suspension,Neimeth,16644,25466.55,551,44,BT225752,Emzor Pharmaceuticals,D3,2027-07-16
SKU01601,Metronidazole,Antifungal,500mg,Cream,Drugfield,2287,3079.78,17,76,BT136484,Fidson Healthcare,B3,2028-02-01
SKU01602,Pregabalin,Antiepileptic,200mg,Capsule,Swiss Pharma,5533,7387.23,88,85,BT635526,Drugfield Pharmaceuticals,B3,2027-06-02
SKU01603,Tazobactam,Antibiotic,250mg,Injection,GSK,13787,19080.63,956,69,BT859781,Drugfield Pharmaceuticals,A3,2027-04-12
SKU01604,Olanzapine,Psychiatric,50mg,Tablet,Pfizer,13052,20764.31,509,48,BT953706,Fidson Healthcare,A2,2028-02-03
SKU01605,Moxifloxacin,Antibiotic,1g,Tablet,GSK,12509,19131.05,908,55,BT167608,Fidson Healthcare,A2,2027-02-19
SKU01606,Terbutaline,Respiratory,100mcg,Inhaler,Drugfield,10541,14622.03,933,91,BT408768,Swiss Pharma Nigeria,C3,2026-12-29
SKU01607,Cimetidine,General Medicine,5mg,Tablet,Pfizer,14550,18422.42,926,53,BT124262,Swiss Pharma Nigeria,D2,2027-08-07
SKU01608,Methyldopa,Antihypertensive,50mg,Tablet,Drugfield,5730,6603.65,790,34,BT882450,Emzor Pharmaceuticals,C1,2027-04-16
SKU01609,Aluminium Hydroxide,General Medicine,100mg,Capsule,Neimeth,19069,30070.29,377,58,BT175371,May & Baker Nigeria,D1,2027-02-02
SKU01610,Lansoprazole,Antifungal,200mg,Cream,May & Baker,365,457.48,984,87,BT732573,Emzor Pharmaceuticals,B3,2030-04-04
SKU01611,Tetracycline,Antibiotic,1g,Tablet,Evans,4377,5634.65,902,98,BT893830,May & Baker Nigeria,B2,2027-08-11
SKU01612,Paroxetine,Psychiatric,100mg,Tablet,Swiss Pharma,7950,12251.24,938,93,BT151031,May & Baker Nigeria,C2,2029-09-28
SKU01613,Hydralazine,Antihypertensive,50mg,Tablet,Neimeth,17172,21210.25,990,63,BT623554,Drugfield Pharmaceuticals,C2,2030-06-02
SKU01614,Ampicillin,Antibiotic,1g,Tablet,GSK,5681,7584.96,828,56,BT247773,May & Baker Nigeria,C1,2027-12-08
SKU01615,Levetiracetam,Antiepileptic,100mg,Tablet,Pfizer,16951,26708.31,803,72,BT572561,Evans Medical,D1,2030-01-04
SKU01616,Levothyroxine,General Medicine,5mg,Capsule,Drugfield,3376,4175.61,18,98,BT363915,Swiss Pharma Nigeria,B3,2027-01-09
SKU01617,Nitrofurantoin,General Medicine,50mg,Capsule,GSK,18345,24169.31,602,98,BT797102,Swiss Pharma Nigeria,C3,2027-11-19
SKU01618,Olanzapine,Psychiatric,10mg,Tablet,Juhel,12435,17438.57,608,77,BT808830,Emzor Pharmaceuticals,A1,2027-04-25
SKU01619,Itraconazole,Antifungal,200mg,Tablet,Drugfield,8274,10220.59,867,34,BT524690,Fidson Healthcare,A1,2026-11-08
SKU01620,Cyclosporine,General Medicine,25mg,Capsule,Neimeth,12713,18442.47,568,75,BT413317,Drugfield Pharmaceuticals,C3,2027-07-23
SKU01621,Rivaroxaban,Anticoagulant,5mg,Injection,May & Baker,18707,26779.2,287,85,BT409401,Drugfield Pharmaceuticals,B3,2029-12-29
SKU01622,Dexamethasone,Corticosteroid,5mg,Tablet,Drugfield,4517,6767.07,605,88,BT684720,May & Baker Nigeria,A1,2030-05-29
SKU01623,Betamethasone,Corticosteroid,20mg,Cream,Juhel,14590,18928.59,615,87,BT146485,Fidson Healthcare,D2,2030-01-10
SKU01624,Pyrazinamide,Antibiotic,1g,Tablet,Neimeth,13501,15821.17,445,38,BT280065,Drugfield Pharmaceuticals,A2,2029-05-17
SKU01625,Clarithromycin,Antibiotic,250mg,Tablet,Juhel,13652,21637.22,769,100,BT843912,Fidson Healthcare,B3,2029-12-18
SKU01626,Tranexamic Acid,General Medicine,10mg,Capsule,Emzor,5818,7788.02,977,41,BT598734,Drugfield Pharmaceuticals,B3,2029-05-13
SKU01627,Artesunate,Antimalarial,20/120mg,Tablet,Pfizer,5903,9350.71,456,82,BT365347,Drugfield Pharmaceuticals,C3,2027-03-09
SKU01628,Telmisartan,Antihypertensive,2.5mg,Tablet,Fidson,6658,9589.27,9,87,BT601545,Swiss Pharma Nigeria,A3,2027-01-29
SKU01629,Clonazepam,Psychiatric,50mg,Tablet,GSK,4660,6749.59,206,78,BT184305,Drugfield Pharmaceuticals,D1,2030-02-01
SKU01630,Esomeprazole,Antifungal,500mg,Capsule,Emzor,3019,4465.79,537,58,BT142067,Emzor Pharmaceuticals,A1,2030-04-17
SKU01631,Colchicine,General Medicine,25mg,Tablet,Drugfield,12185,14333.27,475,51,BT380520,Drugfield Pharmaceuticals,B1,2028-04-17
SKU01632,Moxifloxacin,Antibiotic,500mg,Suspension,GSK,14191,19973.71,383,83,BT599642,Fidson Healthcare,D2,2028-01-25
SKU01633,Latanoprost,General Medicine,50mg,Tablet,Fidson,10885,13631.03,458,59,BT135973,Evans Medical,D1,2030-05-14
SKU01634,Pioglitazone,Antidiabetic,10mg,Tablet,Emzor,2660,3505.06,795,24,BT333200,Evans Medical,D1,2029-02-14
SKU01635,Colchicine,General Medicine,50mg,Tablet,Emzor,16780,24576.42,681,52,BT670444,Evans Medical,C1,2028-06-13
SKU01636,Sulfadoxine,Antimalarial,200mg,Tablet,Fidson,14496,21670.31,716,99,BT910876,Drugfield Pharmaceuticals,D2,2028-09-09
SKU01637,Tadalafil,General Medicine,50mg,Capsule,Neimeth,9791,12999.65,504,28,BT541584,May & Baker Nigeria,A1,2028-07-23
SKU01638,Brimonidine,General Medicine,100mg,Tablet,Evans,16153,20460.31,744,21,BT476428,May & Baker Nigeria,B3,2027-07-10
SKU01639,Codeine,Analgesic,1000mg,Syrup,Juhel,15746,21132.71,421,94,BT583535,Swiss Pharma Nigeria,C1,2029-04-24
SKU01640,Sertraline,Psychiatric,25mg,Tablet,Fidson,9942,13855.39,945,73,BT408711,Evans Medical,D2,2027-02-17
SKU01641,Piperacillin,Antibiotic,625mg,Injection,Evans,3869,5994.89,440,49,BT778435,Evans Medical,C2,2030-01-29
SKU01642,Risperidone,Psychiatric,25mg,Tablet,GSK,4639,7217.89,623,97,BT231090,Drugfield Pharmaceuticals,D3,2027-02-03
SKU01643,Oseltamivir,Antiviral,400mg,Tablet,Fidson,3788,4569.3,743,52,BT949646,Fidson Healthcare,C1,2027-01-29
SKU01644,Amitriptyline,Psychiatric,25mg,Tablet,Juhel,226,315.72,526,44,BT761321,Fidson Healthcare,D3,2028-07-28
SKU01645,Empagliflozin,Antidiabetic,850mg,Tablet,May & Baker,18242,22760.26,709,92,BT850629,Fidson Healthcare,B3,2028-01-13
SKU01646,Lorazepam,Psychiatric,5mg,Tablet,Juhel,5929,9292.38,70,91,BT493571,Fidson Healthcare,B2,2029-04-06
SKU01647,Ampicillin,Antibiotic,125mg,Suspension,Drugfield,19486,24674.66,116,30,BT512943,Emzor Pharmaceuticals,C3,2029-02-26
SKU01648,Telmisartan,Antihypertensive,100mg,Tablet,Swiss Pharma,8333,9996.89,357,92,BT845840,Evans Medical,A2,2029-04-29
SKU01649,Vitamin D3,General Medicine,5mg,Tablet,May & Baker,18926,26152.57,542,99,BT629753,Drugfield Pharmaceuticals,D1,2029-08-27
SKU01650,Timolol,Antihypertensive,25mg,Tablet,Juhel,1103,1295.8,25,99,BT807536,Swiss Pharma Nigeria,C1,2029-06-02
SKU01651,Pioglitazone,Antidiabetic,1000mg,Injection,Emzor,18551,25788.75,815,93,BT424752,Evans Medical,D3,2028-04-01
SKU01652,Pantoprazole,Antifungal,100mg,Tablet,GSK,1162,1632.16,134,72,BT424467,May & Baker Nigeria,B3,2026-12-27
SKU01653,Ferrous Sulphate,General Medicine,10mg,Capsule,Swiss Pharma,11323,15180.68,965,74,BT384732,Swiss Pharma Nigeria,B2,2029-03-28
SKU01654,Rosuvastatin,Statin,80mg,Tablet,May & Baker,1417,1795.01,352,91,BT627768,Drugfield Pharmaceuticals,D2,2027-01-03
SKU01655,Pyrimethamine,Antimalarial,20/120mg,Tablet,May & Baker,8200,11018.95,25,75,BT999783,May & Baker Nigeria,A3,2029-07-06
SKU01656,Aspirin,General Medicine,25mg,Capsule,May & Baker,7660,10491.07,902,99,BT722848,Emzor Pharmaceuticals,B2,2027-06-25
SKU01657,Linezolid,Antibiotic,125mg,Tablet,Drugfield,9951,15602.87,287,34,BT372855,Evans Medical,A1,2029-07-28
SKU01658,Tranexamic Acid,General Medicine,10mg,Capsule,Pfizer,8011,10158.53,380,45,BT288165,Evans Medical,A1,2026-12-19
SKU01659,Cloxacillin,Antibiotic,500mg,Injection,GSK,4344,6772.2,807,24,BT380669,Emzor Pharmaceuticals,C1,2027-10-07
SKU01660,Vancomycin,Antibiotic,500mg,Injection,Neimeth,7500,10403.28,334,58,BT431663,Emzor Pharmaceuticals,D3,2030-04-14
SKU01661,Fluconazole,Antifungal,150mg,Tablet,Swiss Pharma,1594,2124.65,233,61,BT293263,Emzor Pharmaceuticals,A3,2029-06-17
SKU01662,Cefuroxime,Antibiotic,500mg,Injection,Pfizer,19464,22408.87,222,67,BT369736,Swiss Pharma Nigeria,D1,2029-05-21
SKU01663,Clotrimazole,Antifungal,150mg,Tablet,Emzor,16243,18740.81,940,92,BT115309,Evans Medical,D1,2028-02-20
SKU01664,Methotrexate,General Medicine,10mg,Capsule,Swiss Pharma,19897,26857.94,404,41,BT542277,May & Baker Nigeria,A3,2027-01-28
SKU01665,Tranexamic Acid,General Medicine,10mg,Capsule,Pfizer,19025,30152.23,869,32,BT603350,Swiss Pharma Nigeria,A1,2028-03-09
SKU01666,Moxifloxacin,Antibiotic,250mg,Capsule,Fidson,18025,21177.1,83,27,BT301600,Evans Medical,D3,2028-09-26
SKU01667,Ondansetron,General Medicine,50mg,Capsule,GSK,7381,11563.4,380,26,BT705633,May & Baker Nigeria,C3,2028-03-09
SKU01668,Telmisartan,Antihypertensive,25mg,Tablet,Juhel,7342,8710.13,497,25,BT649610,Drugfield Pharmaceuticals,B1,2028-01-01
SKU01669,Betamethasone,Corticosteroid,5mg,Injection,GSK,19335,25534.58,841,48,BT279144,Drugfield Pharmaceuticals,C1,2028-12-07
SKU01670,Insulin Aspart,Antidiabetic,1000mg,Injection,Neimeth,12313,14446.45,324,47,BT503960,Swiss Pharma Nigeria,A2,2029-06-10
SKU01671,Diphenhydramine,Antihistamine,120mg,Syrup,Swiss Pharma,1384,1734.05,433,82,BT536106,May & Baker Nigeria,C2,2028-12-16
SKU01672,Omeprazole,Antifungal,200mg,Tablet,Neimeth,6472,7576.2,818,21,BT108965,Emzor Pharmaceuticals,B3,2026-12-29
SKU01673,Haloperidol,Psychiatric,10mg,Tablet,GSK,2969,3708.67,344,43,BT590094,Fidson Healthcare,A1,2027-07-27
SKU01674,Ethambutol,Antibiotic,500mg,Capsule,Swiss Pharma,8329,11603.94,803,42,BT257680,Fidson Healthcare,C3,2027-06-09
SKU01675,Potassium Chloride,General Medicine,50mg,Tablet,May & Baker,12540,19424.54,718,94,BT466753,Emzor Pharmaceuticals,B2,2028-01-07
SKU01676,Ramipril,Antihypertensive,10mg,Tablet,Swiss Pharma,12069,17141.3,740,42,BT209701,Emzor Pharmaceuticals,C3,2027-01-20
SKU01677,Pioglitazone,Antidiabetic,10mg,Injection,Swiss Pharma,13445,20293.47,27,49,BT473030,Emzor Pharmaceuticals,D3,2028-07-06
SKU01678,Risperidone,Psychiatric,10mg,Tablet,Drugfield,12555,19597.18,820,94,BT238790,Drugfield Pharmaceuticals,A2,2027-12-01
SKU01679,Bupropion,Psychiatric,100mg,Tablet,Neimeth,6058,8778.14,427,51,BT528392,Fidson Healthcare,D1,2028-01-31
SKU01680,Tramadol,Analgesic,500mg,Syrup,Evans,12320,14885.79,232,44,BT431379,Emzor Pharmaceuticals,C3,2027-10-03
SKU01681,Imipenem,Antibiotic,250mg,Capsule,Juhel,9938,13059.56,275,92,BT815983,May & Baker Nigeria,B2,2029-08-15
SKU01682,Memantine,General Medicine,50mg,Tablet,Evans,18409,28142.29,581,63,BT354634,Emzor Pharmaceuticals,D2,2029-05-09
SKU01683,Aluminium Hydroxide,General Medicine,50mg,Tablet,Neimeth,13372,18011.64,19,83,BT784618,Drugfield Pharmaceuticals,A1,2028-05-28
SKU01684,Insulin Glargine,Antidiabetic,1000mg,Tablet,May & Baker,16674,24803.47,441,44,BT108457,Swiss Pharma Nigeria,B2,2026-12-21
SKU01685,Fluoxetine,Psychiatric,50mg,Tablet,Swiss Pharma,18118,20851.62,18,84,BT671877,Emzor Pharmaceuticals,B2,2030-04-13
SKU01686,Domperidone,General Medicine,25mg,Tablet,Fidson,8865,10769.45,286,87,BT873735,Fidson Healthcare,D1,2028-04-03
SKU01687,Phenytoin,Antiepileptic,500mg,Tablet,Juhel,17019,20047.9,71,57,BT367804,Drugfield Pharmaceuticals,C3,2026-11-25
SKU01688,Beclometasone,Respiratory,200mcg,Nebule,Juhel,19921,27649.22,491,85,BT111771,Emzor Pharmaceuticals,D1,2028-04-17
SKU01689,Digoxin,General Medicine,50mg,Tablet,Drugfield,18440,27198.04,228,21,BT921571,Emzor Pharmaceuticals,D1,2027-07-05
SKU01690,Nifedipine,Antihypertensive,2.5mg,Tablet,Juhel,13311,19843.41,426,21,BT554322,Emzor Pharmaceuticals,B1,2027-03-07
SKU01691,Amitriptyline,Psychiatric,25mg,Tablet,Fidson,9200,11236.74,357,86,BT681685,Emzor Pharmaceuticals,C1,2029-11-15
SKU01692,Allopurinol,General Medicine,100mg,Capsule,Swiss Pharma,6221,8763.91,586,62,BT496606,Evans Medical,C1,2026-11-03
SKU01693,Clotrimazole,Antifungal,150mg,Cream,Drugfield,17937,25012.24,746,45,BT391962,Fidson Healthcare,B2,2029-05-13
SKU01694,Empagliflozin,Antidiabetic,850mg,Injection,May & Baker,809,968.17,872,84,BT814531,Emzor Pharmaceuticals,A3,2027-07-04
SKU01695,Alprazolam,Psychiatric,5mg,Tablet,Swiss Pharma,6115,8696.05,289,57,BT443968,Evans Medical,C3,2027-07-10
SKU01696,Carbamazepine,Antiepileptic,300mg,Tablet,Fidson,12063,15776.84,211,69,BT921320,Fidson Healthcare,C1,2028-08-15
SKU01697,Betamethasone,Corticosteroid,100mg,Cream,Swiss Pharma,14386,21964.06,674,33,BT814936,Swiss Pharma Nigeria,A1,2027-03-21
SKU01698,Bisoprolol,Antihypertensive,2.5mg,Tablet,Pfizer,5915,6848.97,428,94,BT624907,Drugfield Pharmaceuticals,B2,2027-04-27
SKU01699,Diazepam,Psychiatric,5mg,Tablet,Evans,16199,23812.5,387,26,BT212246,Evans Medical,A1,2027-05-31
SKU01700,Amiodarone,General Medicine,25mg,Tablet,Emzor,3001,3761.06,722,46,BT490046,Swiss Pharma Nigeria,C2,2028-10-01
SKU01701,Metoclopramide,General Medicine,100mg,Tablet,Evans,10871,13819.29,417,99,BT681258,Fidson Healthcare,A2,2027-10-24
SKU01702,Budesonide,Respiratory,4mg,Nebule,Juhel,17407,26866.76,586,94,BT610347,May & Baker Nigeria,D2,2027-06-25
SKU01703,Enalapril,Antihypertensive,5mg,Tablet,Fidson,17934,28003.55,941,37,BT417507,Swiss Pharma Nigeria,B3,2030-05-23
SKU01704,Tetracycline,Antibiotic,125mg,Suspension,Swiss Pharma,4133,6511.63,499,61,BT730086,Emzor Pharmaceuticals,A1,2029-11-17
SKU01705,Esomeprazole,Antifungal,500mg,Tablet,Juhel,10527,13975.17,381,39,BT818923,Drugfield Pharmaceuticals,C3,2030-05-24
SKU01706,Gliclazide,Antidiabetic,10mg,Injection,GSK,19083,28442.49,943,46,BT699632,Fidson Healthcare,D1,2027-05-22
SKU01707,Betamethasone,Corticosteroid,4mg,Tablet,Emzor,13546,17872.42,156,77,BT113205,Emzor Pharmaceuticals,C1,2029-01-02
SKU01708,Paroxetine,Psychiatric,50mg,Tablet,Neimeth,18312,27436.54,225,62,BT115985,Fidson Healthcare,A1,2029-11-08
SKU01709,Dexamethasone,Corticosteroid,5mg,Cream,Juhel,15330,19777.17,755,66,BT403448,Drugfield Pharmaceuticals,A2,2027-12-26
SKU01710,Artemether,Antimalarial,20/120mg,Tablet,Neimeth,16112,22695.89,65,51,BT583647,May & Baker Nigeria,C2,2028-04-20
SKU01711,Digoxin,General Medicine,100mg,Tablet,Fidson,6295,8385.44,314,31,BT459551,May & Baker Nigeria,B3,2027-01-20
SKU01712,Sildenafil,General Medicine,10mg,Tablet,Drugfield,5155,6626.1,489,83,BT118659,Fidson Healthcare,D2,2029-04-16
SKU01713,Pyrimethamine,Antimalarial,100mg,Injection,Swiss Pharma,19581,24983.54,623,79,BT137265,Evans Medical,A3,2026-12-28
SKU01714,Cyclosporine,General Medicine,10mg,Tablet,Evans,14258,18426.27,756,20,BT397447,Emzor Pharmaceuticals,A3,2029-11-28
SKU01715,Methotrexate,General Medicine,25mg,Capsule,Drugfield,10375,13260.04,482,90,BT356882,Swiss Pharma Nigeria,D1,2028-06-02
SKU01716,Diazepam,Psychiatric,10mg,Tablet,Fidson,19835,28247.08,982,36,BT618794,Fidson Healthcare,A1,2030-01-11
SKU01717,Mebendazole,Antifungal,150mg,Cream,GSK,11017,14378.95,689,23,BT942749,Evans Medical,D1,2029-11-23
SKU01718,Vitamin C,General Medicine,5mg,Tablet,Pfizer,6831,8524.66,832,89,BT633617,Emzor Pharmaceuticals,B2,2029-07-24
SKU01719,Azithromycin,Antibiotic,250mg,Capsule,Juhel,17201,20257.2,63,30,BT243894,Emzor Pharmaceuticals,D2,2027-06-30
SKU01720,Lumefantrine,Antimalarial,100mg,Tablet,Drugfield,9342,14240.81,680,24,BT373916,Swiss Pharma Nigeria,A3,2028-07-15
SKU01721,Morphine,Analgesic,1000mg,Syrup,Fidson,3359,5348.75,867,94,BT895084,Evans Medical,A2,2029-01-07
SKU01722,Levetiracetam,Antiepileptic,200mg,Tablet,GSK,3026,3644.15,253,86,BT141472,Drugfield Pharmaceuticals,C3,2029-02-27
SKU01723,Salbutamol,Respiratory,100mcg,Nebule,Fidson,9082,12182.21,357,50,BT518464,Evans Medical,D2,2030-03-27
SKU01724,Lumefantrine,Antimalarial,20/120mg,Injection,May & Baker,4949,7489.58,308,56,BT778399,Fidson Healthcare,D3,2029-05-30
SKU01725,Linezolid,Antibiotic,250mg,Injection,Neimeth,6673,9196.28,857,23,BT156819,Drugfield Pharmaceuticals,C1,2028-09-27
SKU01726,Topiramate,Antiepileptic,300mg,Capsule,GSK,14462,18871.36,500,38,BT447226,May & Baker Nigeria,A1,2028-01-16
SKU01727,Meropenem,Antibiotic,125mg,Capsule,Juhel,16131,25347.66,426,32,BT879497,Emzor Pharmaceuticals,B1,2029-12-12
SKU01728,Pilocarpine,General Medicine,10mg,Tablet,Pfizer,18321,26622.01,919,29,BT166929,Evans Medical,C3,2028-07-03
SKU01729,Lansoprazole,Antifungal,100mg,Cream,Evans,14559,20274.47,531,27,BT834451,Evans Medical,C3,2028-08-20
SKU01730,Ropinirole,General Medicine,5mg,Tablet,May & Baker,4182,5776.11,8,76,BT192287,Evans Medical,B1,2027-05-12
SKU01731,Tadalafil,General Medicine,50mg,Capsule,Evans,995,1455.71,264,73,BT614589,May & Baker Nigeria,A1,2027-11-18
SKU01732,Verapamil,Antihypertensive,100mg,Tablet,Fidson,10780,16559.29,172,94,BT229900,Evans Medical,A3,2028-12-16
SKU01733,Aluminium Hydroxide,General Medicine,5mg,Capsule,GSK,9188,14291.15,487,95,BT431420,Swiss Pharma Nigeria,A2,2028-01-17
SKU01734,Budesonide,Respiratory,2mg,Tablet,Swiss Pharma,12818,15510.61,799,78,BT789756,Evans Medical,C1,2030-06-06
SKU01735,Sulfasalazine,General Medicine,10mg,Capsule,Fidson,9278,12840.69,197,100,BT550328,Evans Medical,D2,2028-04-07
SKU01736,Tetracycline,Antibiotic,125mg,Suspension,Evans,4354,6309.99,279,50,BT484150,May & Baker Nigeria,B3,2027-06-15
SKU01737,Ceftriaxone,Antibiotic,625mg,Tablet,Neimeth,19095,23816.89,340,27,BT257570,Evans Medical,B3,2028-07-10
SKU01738,Amitriptyline,Psychiatric,50mg,Tablet,Emzor,8857,13597.66,963,36,BT987046,Emzor Pharmaceuticals,B2,2029-05-02
SKU01739,Doxycycline,Antibiotic,625mg,Suspension,Neimeth,7419,10477.58,698,93,BT138490,Drugfield Pharmaceuticals,A2,2030-02-06
SKU01740,Glimepiride,Antidiabetic,500mg,Injection,Juhel,17121,22716.17,356,48,BT622621,Evans Medical,D2,2028-11-01
SKU01741,Tranexamic Acid,General Medicine,50mg,Tablet,Neimeth,4872,5903.93,677,69,BT977312,Evans Medical,A3,2027-06-29
SKU01742,Tranexamic Acid,General Medicine,50mg,Tablet,Neimeth,7753,9074.56,387,92,BT139682,Drugfield Pharmaceuticals,C2,2026-10-28
SKU01743,Albendazole,Antifungal,100mg,Cream,May & Baker,13582,16409.3,795,61,BT716155,Drugfield Pharmaceuticals,C3,2028-06-05
SKU01744,Vancomycin,Antibiotic,250mg,Injection,Fidson,5094,6811.19,310,51,BT812777,Fidson Healthcare,D1,2029-10-27
SKU01745,Chlorpromazine,Psychiatric,5mg,Tablet,Drugfield,10610,12953.14,21,40,BT554980,Drugfield Pharmaceuticals,B3,2030-04-18
SKU01746,Amoxicillin,Antibiotic,125mg,Tablet,May & Baker,7376,9470.38,270,53,BT348543,May & Baker Nigeria,A3,2030-03-08
SKU01747,Vitamin C,General Medicine,25mg,Capsule,Emzor,10548,16442.49,960,29,BT698386,Fidson Healthcare,C1,2029-05-06
SKU01748,Fluoxetine,Psychiatric,50mg,Tablet,GSK,12098,19147.1,721,72,BT427273,Drugfield Pharmaceuticals,B2,2028-03-02
SKU01749,Bupropion,Psychiatric,25mg,Tablet,Drugfield,2729,3200.38,781,71,BT297923,Fidson Healthcare,B3,2029-02-02
SKU01750,Vitamin C,General Medicine,10mg,Tablet,Evans,9763,14030.05,0,29,BT233701,Emzor Pharmaceuticals,A1,2029-07-13
SKU01751,Aluminium Hydroxide,General Medicine,10mg,Capsule,Juhel,17624,24042.86,174,44,BT329000,Emzor Pharmaceuticals,B1,2027-09-13
SKU01752,Risperidone,Psychiatric,100mg,Tablet,May & Baker,19548,27875.74,488,97,BT498517,Evans Medical,B3,2029-04-02
SKU01753,Chlorpheniramine,Antihistamine,4mg,Syrup,Pfizer,16548,24338.83,975,76,BT604401,May & Baker Nigeria,B3,2028-11-28
SKU01754,Ferrous Sulphate,General Medicine,5mg,Tablet,May & Baker,8058,11094.07,975,61,BT208414,Drugfield Pharmaceuticals,B3,2029-08-04
SKU01755,Carbidopa,General Medicine,100mg,Tablet,Drugfield,18332,26833.7,58,27,BT149511,Swiss Pharma Nigeria,A3,2029-04-28
SKU01756,Naproxen,NSAID,400mg,Gel,GSK,7553,11050.6,296,33,BT777016,Fidson Healthcare,B1,2028-08-04
SKU01757,Gentamicin,General Medicine,100mg,Capsule,Evans,19647,31311.32,993,34,BT105853,Evans Medical,C3,2027-07-10
SKU01758,Loperamide,General Medicine,10mg,Capsule,Drugfield,10706,13902.14,283,58,BT970986,Evans Medical,C1,2030-06-23
SKU01759,Meloxicam,NSAID,100mg,Gel,Emzor,13319,19228.35,232,52,BT417903,Swiss Pharma Nigeria,B3,2026-12-22
SKU01760,Levodopa,General Medicine,100mg,Capsule,Swiss Pharma,5021,6428.11,356,98,BT126678,Evans Medical,C3,2028-04-25
SKU01761,Betamethasone,Corticosteroid,20mg,Cream,Swiss Pharma,5069,6211.8,13,36,BT694101,Evans Medical,C1,2026-12-13
SKU01762,Insulin Regular,Antidiabetic,500mg,Injection,Drugfield,17866,27606.24,179,58,BT550613,Drugfield Pharmaceuticals,B3,2030-02-14
SKU01763,Domperidone,General Medicine,100mg,Capsule,Juhel,16482,19941.92,559,71,BT747729,Evans Medical,A2,2028-09-17
SKU01764,Calcium Carbonate,General Medicine,50mg,Tablet,Juhel,13699,17755.64,377,27,BT436922,Emzor Pharmaceuticals,D1,2030-04-08
SKU01765,Hydrocortisone,Corticosteroid,5mg,Cream,Evans,6285,7533.26,31,63,BT824615,Evans Medical,A1,2027-04-25
SKU01766,Valsartan,Antihypertensive,100mg,Tablet,Pfizer,15268,22017.5,240,42,BT403414,Evans Medical,A2,2026-11-27
SKU01767,Pyrimethamine,Antimalarial,50mg,Tablet,Drugfield,13657,16125.56,384,93,BT958026,Evans Medical,B2,2027-12-08
SKU01768,Paroxetine,Psychiatric,100mg,Tablet,May & Baker,12551,18543.84,334,65,BT530860,Evans Medical,D3,2027-02-19
SKU01769,Alprazolam,Psychiatric,5mg,Tablet,Pfizer,19361,23000.22,481,43,BT537107,May & Baker Nigeria,B1,2028-06-23
SKU01770,Lumefantrine,Antimalarial,20/120mg,Tablet,Pfizer,2638,3541.35,928,90,BT513625,Fidson Healthcare,B3,2028-09-11
SKU01771,Zinc Sulphate,General Medicine,5mg,Tablet,May & Baker,16067,21957.39,793,74,BT334447,Fidson Healthcare,A2,2029-06-12
SKU01772,Venlafaxine,Psychiatric,10mg,Tablet,GSK,10482,16231.98,773,96,BT438411,Drugfield Pharmaceuticals,B3,2030-04-26
SKU01773,Haloperidol,Psychiatric,25mg,Tablet,Neimeth,2290,2765.74,323,99,BT901197,Swiss Pharma Nigeria,B3,2029-03-08
SKU01774,Apixaban,Anticoagulant,5mg,Injection,Fidson,18225,26232.54,66,94,BT859743,Fidson Healthcare,C1,2027-10-11
SKU01775,Glimepiride,Antidiabetic,850mg,Injection,Evans,16319,20158.97,464,36,BT208598,Fidson Healthcare,B3,2027-08-21
SKU01776,Loratadine,Antihistamine,180mg,Tablet,Swiss Pharma,11258,15071.71,563,26,BT815008,Swiss Pharma Nigeria,B3,2030-01-29
SKU01777,Flucloxacillin,Antibiotic,125mg,Injection,Neimeth,1169,1569.12,71,45,BT642963,Evans Medical,B2,2028-10-29
SKU01778,Tamsulosin,General Medicine,100mg,Capsule,Swiss Pharma,626,875.58,349,58,BT458975,Drugfield Pharmaceuticals,C2,2028-12-20
SKU01779,Clarithromycin,Antibiotic,625mg,Capsule,Pfizer,8714,11648.11,126,84,BT973781,Swiss Pharma Nigeria,B3,2027-04-06
SKU01780,Ferrous Sulphate,General Medicine,25mg,Tablet,Evans,1041,1403.73,140,30,BT105034,Fidson Healthcare,D2,2029-10-27
SKU01781,Esomeprazole,Antifungal,500mg,Capsule,Swiss Pharma,18912,25596.63,908,69,BT933507,Drugfield Pharmaceuticals,D2,2027-02-04
SKU01782,Warfarin,Anticoagulant,20mg,Tablet,Swiss Pharma,18514,24505.48,530,48,BT208816,Evans Medical,D2,2028-06-15
SKU01783,Quetiapine,Psychiatric,25mg,Tablet,Pfizer,8389,10648.52,726,70,BT635384,Swiss Pharma Nigeria,A3,2028-08-23
SKU01784,Rifampicin,Antibiotic,125mg,Capsule,Neimeth,19105,29175.42,598,81,BT991194,Evans Medical,D1,2028-10-20
SKU01785,Topiramate,Antiepileptic,100mg,Tablet,Drugfield,9858,15207.65,125,61,BT808076,Emzor Pharmaceuticals,B3,2026-12-09
SKU01786,Levetiracetam,Antiepileptic,200mg,Capsule,May & Baker,16862,25685.54,811,96,BT296485,Drugfield Pharmaceuticals,B3,2026-10-31
SKU01787,Piperacillin,Antibiotic,125mg,Injection,GSK,847,1212.94,694,75,BT935794,Evans Medical,D2,2030-04-02
SKU01788,Pioglitazone,Antidiabetic,25mg,Injection,GSK,191,259.19,84,87,BT206610,Drugfield Pharmaceuticals,B2,2026-11-25
SKU01789,Risperidone,Psychiatric,50mg,Tablet,Juhel,14668,17756.72,14,74,BT397985,Swiss Pharma Nigeria,C3,2027-12-28
SKU01790,Aluminium Hydroxide,General Medicine,10mg,Capsule,Drugfield,8025,9347.93,174,99,BT151853,Fidson Healthcare,A3,2029-09-01
SKU01791,Lorazepam,Psychiatric,5mg,Tablet,Fidson,667,838.29,882,24,BT566674,Swiss Pharma Nigeria,C3,2029-08-24
SKU01792,Ferrous Sulphate,General Medicine,25mg,Capsule,Fidson,13830,20724.49,698,57,BT225012,May & Baker Nigeria,D1,2028-11-17
SKU01793,Carvedilol,General Medicine,5mg,Tablet,GSK,17783,24286.4,691,42,BT334238,Swiss Pharma Nigeria,B2,2028-07-06
SKU01794,Metoclopramide,General Medicine,10mg,Tablet,Pfizer,4069,5204.52,462,86,BT878116,Fidson Healthcare,C2,2027-01-15
SKU01795,Rifampicin,Antibiotic,625mg,Suspension,Emzor,10809,14090.39,136,36,BT529594,May & Baker Nigeria,A1,2029-09-21
SKU01796,Insulin Aspart,Antidiabetic,500mg,Tablet,Evans,14359,21497.53,916,76,BT426660,Drugfield Pharmaceuticals,A2,2026-11-18
SKU01797,Flucloxacillin,Antibiotic,500mg,Capsule,Fidson,5701,7919.58,517,33,BT604257,Fidson Healthcare,A3,2027-03-15
SKU01798,Rifampicin,Antibiotic,500mg,Capsule,Neimeth,12286,17388.74,221,77,BT782487,Swiss Pharma Nigeria,A2,2029-09-07
SKU01799,Pilocarpine,General Medicine,5mg,Capsule,May & Baker,7990,9640.14,554,29,BT361952,Emzor Pharmaceuticals,D1,2028-04-15
SKU01800,Betamethasone,Corticosteroid,5mg,Cream,Pfizer,15367,23508.42,729,96,BT967777,Swiss Pharma Nigeria,D1,2028-09-05
SKU01801,Escitalopram,Psychiatric,25mg,Tablet,GSK,15564,20870.74,399,22,BT454569,Fidson Healthcare,C1,2028-12-29
SKU01802,Dexamethasone,Corticosteroid,5mg,Injection,Drugfield,18850,24841.16,737,36,BT510839,Emzor Pharmaceuticals,D3,2027-11-24
SKU01803,Vitamin D3,General Medicine,25mg,Tablet,May & Baker,511,697.48,402,93,BT860607,May & Baker Nigeria,C2,2029-11-19
SKU01804,Haloperidol,Psychiatric,50mg,Tablet,Juhel,9594,11993.8,590,96,BT965568,Fidson Healthcare,C3,2029-04-24
SKU01805,Cyclophosphamide,General Medicine,50mg,Tablet,Juhel,5183,8096.52,198,46,BT724680,Fidson Healthcare,B3,2027-11-28
SKU01806,Ramipril,Antihypertensive,25mg,Tablet,Swiss Pharma,8229,12194.57,80,66,BT294375,May & Baker Nigeria,A2,2028-06-08
SKU01807,Albendazole,Antifungal,500mg,Capsule,Juhel,4545,5718.09,887,90,BT363295,Fidson Healthcare,D3,2029-08-08
SKU01808,Hydrochlorothiazide,Diuretic,40mg,Tablet,GSK,10352,14212.85,907,95,BT125170,Emzor Pharmaceuticals,C1,2026-10-25
SKU01809,Aspirin,General Medicine,100mg,Capsule,May & Baker,17916,24833.83,759,56,BT652677,Emzor Pharmaceuticals,B1,2027-12-29
SKU01810,Diltiazem,Antihypertensive,10mg,Tablet,GSK,939,1104.66,424,70,BT844857,Swiss Pharma Nigeria,D3,2028-12-16
SKU01811,Clarithromycin,Antibiotic,500mg,Capsule,Juhel,5643,6690.21,318,37,BT380777,Drugfield Pharmaceuticals,B3,2028-09-30
SKU01812,Cefotaxime,Antibiotic,250mg,Tablet,GSK,15239,23495.98,488,78,BT538379,Drugfield Pharmaceuticals,C2,2030-02-20
SKU01813,Terbinafine,Antifungal,200mg,Cream,Drugfield,16031,18900.4,342,63,BT304938,Emzor Pharmaceuticals,D1,2027-10-25
SKU01814,Terbinafine,Antifungal,150mg,Cream,GSK,14785,20718.86,774,79,BT795812,Fidson Healthcare,B2,2028-11-03
SKU01815,Quinine,Antimalarial,20/120mg,Injection,Pfizer,5117,5969.02,936,24,BT494641,Evans Medical,C2,2028-01-01
SKU01816,Chlorpromazine,Psychiatric,50mg,Tablet,Pfizer,1654,2039.41,968,30,BT698375,Evans Medical,B1,2030-04-03
SKU01817,Tinidazole,Antifungal,150mg,Cream,Drugfield,6106,9566.55,306,59,BT995189,Swiss Pharma Nigeria,D1,2030-05-28
SKU01818,Gabapentin,Antiepileptic,100mg,Tablet,Emzor,8847,12672.5,444,89,BT972877,Drugfield Pharmaceuticals,D1,2029-04-26
SKU01819,Hydrocortisone,Corticosteroid,4mg,Cream,Pfizer,16035,21788.7,388,94,BT905461,Fidson Healthcare,C2,2028-10-02
SKU01820,Betamethasone,Corticosteroid,4mg,Injection,Swiss Pharma,17273,19918.21,109,65,BT690060,Emzor Pharmaceuticals,D1,2030-04-23
SKU01821,Doxycycline,Antibiotic,125mg,Capsule,May & Baker,4644,6560.65,573,52,BT351514,May & Baker Nigeria,B3,2028-02-08
SKU01822,Rivaroxaban,Anticoagulant,5mg,Tablet,Juhel,4876,5949.85,606,93,BT857871,May & Baker Nigeria,B1,2027-05-22
SKU01823,Sertraline,Psychiatric,10mg,Tablet,May & Baker,14406,17706.48,819,30,BT649084,Evans Medical,C2,2027-11-25
SKU01824,Metronidazole,Antifungal,100mg,Capsule,Juhel,3964,4737.11,199,80,BT787072,Swiss Pharma Nigeria,C2,2030-06-25
SKU01825,Codeine,Analgesic,1000mg,Tablet,May & Baker,16196,18870.68,284,73,BT368010,Fidson Healthcare,C1,2029-03-04
SKU01826,Praziquantel,General Medicine,25mg,Capsule,Juhel,11045,14555.41,108,91,BT349304,Evans Medical,A3,2027-03-03
SKU01827,Lamotrigine,Antiepileptic,100mg,Tablet,Swiss Pharma,15568,18636.63,646,47,BT988008,Swiss Pharma Nigeria,A3,2027-06-26
SKU01828,Morphine,Analgesic,1000mg,Syrup,Pfizer,16456,20784.6,334,37,BT953766,May & Baker Nigeria,D2,2028-12-27
SKU01829,Quetiapine,Psychiatric,100mg,Tablet,Emzor,16659,21040.52,892,21,BT302606,Drugfield Pharmaceuticals,A2,2027-06-27
SKU01830,Nitroglycerin,General Medicine,100mg,Capsule,May & Baker,17417,26025.24,56,22,BT193680,Fidson Healthcare,B1,2030-04-09
SKU01831,Isosorbide Mononitrate,General Medicine,5mg,Tablet,Neimeth,4442,6030.36,875,96,BT144355,Fidson Healthcare,D1,2030-05-29
SKU01832,Levetiracetam,Antiepileptic,200mg,Capsule,Evans,16387,26203.16,687,65,BT473828,May & Baker Nigeria,C1,2028-10-23
SKU01833,Pyrazinamide,Antibiotic,1g,Capsule,GSK,18057,28034.75,75,48,BT663452,May & Baker Nigeria,A2,2029-10-07
SKU01834,Cloxacillin,Antibiotic,125mg,Tablet,Drugfield,5819,8232.41,867,40,BT532343,May & Baker Nigeria,C2,2026-11-17
SKU01835,Escitalopram,Psychiatric,10mg,Tablet,Drugfield,1933,2393.44,941,72,BT650632,Emzor Pharmaceuticals,B3,2027-09-19
SKU01836,Vancomycin,Antibiotic,625mg,Tablet,GSK,11685,16754.66,617,50,BT334942,Fidson Healthcare,A3,2029-01-22
SKU01837,Telmisartan,Antihypertensive,10mg,Tablet,Evans,15706,18927.25,871,23,BT622575,Drugfield Pharmaceuticals,A1,2029-07-29
SKU01838,Lansoprazole,Antifungal,500mg,Capsule,Evans,10334,16401.02,973,74,BT669253,Fidson Healthcare,B3,2029-03-10
SKU01839,Praziquantel,General Medicine,50mg,Capsule,Evans,6676,9142.65,419,77,BT322105,Emzor Pharmaceuticals,C2,2029-08-05
SKU01840,Cetirizine,Antihistamine,4mg,Tablet,May & Baker,4978,7507.04,578,67,BT783914,Evans Medical,B2,2026-11-16
SKU01841,Memantine,General Medicine,50mg,Capsule,Emzor,2701,4085.08,651,92,BT217051,Evans Medical,B2,2029-09-15
SKU01842,Pilocarpine,General Medicine,5mg,Tablet,Juhel,4633,7349.08,50,72,BT486840,May & Baker Nigeria,D3,2029-12-20
SKU01843,Codeine,Analgesic,1000mg,Syrup,May & Baker,688,816.99,882,73,BT921433,Swiss Pharma Nigeria,D1,2028-06-11
SKU01844,Linezolid,Antibiotic,625mg,Tablet,Swiss Pharma,17585,20528.77,383,57,BT808365,Swiss Pharma Nigeria,D3,2029-03-01
SKU01845,Betamethasone,Corticosteroid,100mg,Injection,Juhel,16001,24622.6,504,95,BT990028,Emzor Pharmaceuticals,A1,2027-05-06
SKU01846,Doxycycline,Antibiotic,625mg,Suspension,Swiss Pharma,14481,20132.57,429,89,BT591105,Emzor Pharmaceuticals,A2,2028-06-05
SKU01847,Fluoxetine,Psychiatric,100mg,Tablet,Juhel,12559,14511.08,609,83,BT507566,Evans Medical,D1,2027-12-27
SKU01848,Phenytoin,Antiepileptic,100mg,Capsule,GSK,3711,4617.24,779,21,BT713958,May & Baker Nigeria,D1,2030-03-10
SKU01849,Escitalopram,Psychiatric,10mg,Tablet,May & Baker,4182,6078.64,831,55,BT507624,Fidson Healthcare,B3,2030-06-20
SKU01850,Valacyclovir,Antiviral,500mg,Capsule,Evans,112,142.97,869,62,BT343906,Swiss Pharma Nigeria,B2,2028-02-09
SKU01851,Pantoprazole,Antifungal,500mg,Capsule,Emzor,6654,7736.32,247,89,BT562031,Evans Medical,A2,2027-09-11
SKU01852,Esomeprazole,Antifungal,200mg,Tablet,Swiss Pharma,12686,16619.17,125,43,BT106347,May & Baker Nigeria,A3,2029-02-03
SKU01853,Finasteride,General Medicine,25mg,Tablet,Emzor,19719,27243.73,242,48,BT555190,May & Baker Nigeria,A1,2030-01-15
SKU01854,Moxifloxacin,Antibiotic,500mg,Capsule,GSK,17849,24250.12,205,48,BT359820,Evans Medical,B3,2027-12-14
SKU01855,Fluconazole,Antifungal,200mg,Cream,GSK,16953,20347.62,287,26,BT312112,Swiss Pharma Nigeria,C1,2029-03-23
SKU01856,Diclofenac,NSAID,500mg,Gel,Evans,10330,14642.02,784,49,BT190079,May & Baker Nigeria,D3,2030-07-09
SKU01857,Olanzapine,Psychiatric,100mg,Tablet,Swiss Pharma,10253,14407.11,533,65,BT348063,Evans Medical,D1,2029-03-31
SKU01858,Clopidogrel,Anticoagulant,10mg,Tablet,May & Baker,13513,20740.32,545,48,BT685209,Evans Medical,D3,2030-01-16
SKU01859,Hydralazine,Antihypertensive,2.5mg,Tablet,Evans,9221,11727.92,943,55,BT792504,Swiss Pharma Nigeria,C2,2029-02-09
SKU01860,Dabigatran,Anticoagulant,20mg,Tablet,May & Baker,3548,4848.9,919,50,BT807726,May & Baker Nigeria,D1,2029-05-10
SKU01861,Dexamethasone,Corticosteroid,5mg,Injection,Fidson,10061,12170.41,674,20,BT708963,Fidson Healthcare,D3,2030-04-08
SKU01862,Diazepam,Psychiatric,5mg,Tablet,Evans,13914,17004.35,107,26,BT748388,Fidson Healthcare,C1,2028-03-22
SKU01863,Artemether,Antimalarial,20/120mg,Tablet,Pfizer,2522,3941.18,903,63,BT117921,Emzor Pharmaceuticals,A3,2027-09-01
SKU01864,Metformin,Antidiabetic,850mg,Injection,Swiss Pharma,18794,24077.21,545,100,BT377009,Drugfield Pharmaceuticals,A2,2030-05-06
SKU01865,Carbamazepine,Antiepileptic,200mg,Tablet,GSK,13934,17877.77,41,23,BT594379,Fidson Healthcare,C1,2029-02-11
SKU01866,Nitroglycerin,General Medicine,50mg,Capsule,Fidson,7398,10625.86,758,69,BT948922,Fidson Healthcare,D2,2027-08-27
SKU01867,Paracetamol,Analgesic,650mg,Tablet,Fidson,12610,14523.94,498,82,BT778729,Swiss Pharma Nigeria,A3,2029-03-01
SKU01868,Erythromycin,Antibiotic,125mg,Capsule,Evans,12182,15444.25,386,40,BT245921,Drugfield Pharmaceuticals,A3,2028-12-21
SKU01869,Linezolid,Antibiotic,1g,Tablet,Drugfield,11809,16493.04,704,46,BT344858,Evans Medical,C1,2028-08-27
SKU01870,Metoclopramide,General Medicine,50mg,Tablet,Neimeth,7992,9799.73,4,37,BT665715,May & Baker Nigeria,C3,2027-07-31
SKU01871,Phenytoin,Antiepileptic,200mg,Tablet,Pfizer,12202,15465.92,766,84,BT940673,Swiss Pharma Nigeria,A3,2027-10-08
SKU01872,Haloperidol,Psychiatric,50mg,Tablet,Juhel,14148,18045.48,107,39,BT790072,Emzor Pharmaceuticals,A3,2029-09-20
SKU01873,Meloxicam,NSAID,50mg,Tablet,Neimeth,8129,10855.31,2,68,BT323000,Fidson Healthcare,B2,2028-12-05
SKU01874,Bisoprolol,Antihypertensive,5mg,Tablet,Pfizer,4707,5493.14,942,40,BT280921,Evans Medical,B2,2028-09-19
SKU01875,Apixaban,Anticoagulant,5mg,Injection,Fidson,19231,22885.78,823,47,BT215690,May & Baker Nigeria,A3,2027-03-29
SKU01876,Lisinopril,Antihypertensive,5mg,Tablet,Evans,7796,11130.47,54,94,BT589039,Evans Medical,C2,2028-12-27
SKU01877,Vitamin C,General Medicine,100mg,Capsule,Emzor,1802,2116.26,16,91,BT170347,Swiss Pharma Nigeria,A1,2029-08-27
SKU01878,Clarithromycin,Antibiotic,625mg,Capsule,Emzor,5261,7321.98,755,52,BT115304,Drugfield Pharmaceuticals,C1,2027-05-20
SKU01879,Levetiracetam,Antiepileptic,300mg,Capsule,GSK,16179,24554.65,389,52,BT897958,Drugfield Pharmaceuticals,B1,2026-12-29
SKU01880,Nifedipine,Antihypertensive,10mg,Tablet,Juhel,2308,2756.08,215,57,BT571309,Fidson Healthcare,A3,2028-03-14
SKU01881,Amoxicillin,Antibiotic,250mg,Capsule,Drugfield,3239,3726.9,397,54,BT354363,Evans Medical,A1,2028-01-26
SKU01882,Levodopa,General Medicine,5mg,Tablet,Pfizer,17720,22937.28,387,82,BT916391,Fidson Healthcare,D1,2028-07-14
SKU01883,Moxifloxacin,Antibiotic,250mg,Suspension,Neimeth,16368,22662.94,430,34,BT919261,Drugfield Pharmaceuticals,A3,2026-12-11
SKU01884,Potassium Chloride,General Medicine,50mg,Tablet,Drugfield,14242,19176.07,470,22,BT656003,Emzor Pharmaceuticals,B1,2026-10-25
SKU01885,Itraconazole,Antifungal,150mg,Capsule,Juhel,18780,24458.96,575,56,BT108972,Emzor Pharmaceuticals,D2,2028-11-17
SKU01886,Atenolol,Antihypertensive,100mg,Tablet,Juhel,2071,3236.12,960,39,BT258074,Swiss Pharma Nigeria,C2,2029-11-16
SKU01887,Rifampicin,Antibiotic,500mg,Capsule,Drugfield,13402,15701.09,936,68,BT777064,Fidson Healthcare,B3,2027-07-02
SKU01888,Phenytoin,Antiepileptic,300mg,Tablet,May & Baker,15149,19894.58,143,76,BT630657,Emzor Pharmaceuticals,A3,2028-09-09
SKU01889,Tamsulosin,General Medicine,50mg,Capsule,Fidson,10021,11542.49,175,95,BT401088,Swiss Pharma Nigeria,C2,2029-10-14
SKU01890,Meloxicam,NSAID,50mg,Gel,Juhel,707,1000.67,503,69,BT505873,Evans Medical,B3,2029-11-19
SKU01891,Dabigatran,Anticoagulant,20mg,Injection,Swiss Pharma,18773,24504.48,57,43,BT742801,Drugfield Pharmaceuticals,C1,2027-06-10
SKU01892,Magnesium Sulphate,General Medicine,5mg,Tablet,Swiss Pharma,367,537.17,726,79,BT340017,Fidson Healthcare,A3,2028-06-29
SKU01893,Nifedipine,Antihypertensive,50mg,Tablet,Evans,2729,4004.89,939,71,BT619180,May & Baker Nigeria,B2,2029-04-21
SKU01894,Cyclosporine,General Medicine,10mg,Tablet,Neimeth,7217,9052.28,240,27,BT593152,Evans Medical,B2,2028-03-26
SKU01895,Pioglitazone,Antidiabetic,10mg,Tablet,Swiss Pharma,12146,16571.12,265,36,BT734342,Swiss Pharma Nigeria,D1,2028-11-14
SKU01896,Fluoxetine,Psychiatric,5mg,Tablet,Pfizer,19117,30435.14,125,93,BT470251,Drugfield Pharmaceuticals,A2,2029-06-16
SKU01897,Cyclosporine,General Medicine,10mg,Capsule,Evans,11530,17934.59,392,25,BT177533,May & Baker Nigeria,B2,2029-09-21
SKU01898,Aluminium Hydroxide,General Medicine,25mg,Capsule,GSK,11086,16722.28,889,35,BT708074,Drugfield Pharmaceuticals,B3,2027-11-27
SKU01899,Ondansetron,General Medicine,25mg,Tablet,May & Baker,17408,22673.54,709,43,BT249112,Fidson Healthcare,A3,2026-12-27
SKU01900,Topiramate,Antiepileptic,100mg,Capsule,May & Baker,6482,7984.93,31,62,BT695067,Swiss Pharma Nigeria,C2,2028-07-19
SKU01901,Loratadine,Antihistamine,10mg,Tablet,May & Baker,2937,4058.49,73,94,BT753234,May & Baker Nigeria,A3,2027-08-11
SKU01902,Azithromycin,Antibiotic,250mg,Injection,Pfizer,9589,14883.62,293,98,BT104126,Evans Medical,A2,2029-03-16
SKU01903,Methylprednisolone,Corticosteroid,20mg,Cream,Juhel,9001,10746.45,629,76,BT869612,Drugfield Pharmaceuticals,A3,2029-10-31
SKU01904,Ceftriaxone,Antibiotic,625mg,Tablet,Juhel,18407,26949.77,507,32,BT723859,Evans Medical,A2,2028-06-02
SKU01905,Pramipexole,General Medicine,10mg,Tablet,GSK,14473,22580.33,896,50,BT309325,Fidson Healthcare,A2,2028-08-17
SKU01906,Rifampicin,Antibiotic,250mg,Capsule,Swiss Pharma,3766,4506.71,452,47,BT554853,Evans Medical,B2,2028-08-13
SKU01907,Albendazole,Antifungal,150mg,Capsule,Fidson,19573,23768.59,263,56,BT748094,Swiss Pharma Nigeria,A2,2026-12-02
SKU01908,Tetracycline,Antibiotic,500mg,Suspension,Swiss Pharma,18589,29517.09,203,25,BT659380,May & Baker Nigeria,D2,2027-02-03
SKU01909,Ipratropium,Respiratory,4mg,Nebule,GSK,12364,14409.95,599,58,BT184719,May & Baker Nigeria,A3,2030-06-20
SKU01910,Fluconazole,Antifungal,500mg,Capsule,Neimeth,11150,14138.08,144,43,BT539727,Emzor Pharmaceuticals,B3,2029-03-06
SKU01911,Calcium Carbonate,General Medicine,10mg,Capsule,Swiss Pharma,13916,21456.96,387,86,BT161932,Swiss Pharma Nigeria,A2,2029-10-10
SKU01912,Diphenhydramine,Antihistamine,180mg,Tablet,May & Baker,6592,8895.76,958,52,BT382659,Emzor Pharmaceuticals,A2,2029-10-04
SKU01913,Metronidazole,Antifungal,150mg,Capsule,Drugfield,2444,3017.59,647,28,BT554147,Swiss Pharma Nigeria,C2,2028-12-07
SKU01914,Amitriptyline,Psychiatric,100mg,Tablet,May & Baker,10392,12304.5,81,35,BT378513,Evans Medical,B3,2028-03-21
SKU01915,Lansoprazole,Antifungal,500mg,Capsule,Fidson,9142,13527.53,630,61,BT698219,Swiss Pharma Nigeria,D3,2030-06-02
SKU01916,Clonazepam,Psychiatric,25mg,Tablet,Neimeth,4353,5492.08,420,100,BT631473,Drugfield Pharmaceuticals,C2,2028-01-19
SKU01917,Amitriptyline,Psychiatric,5mg,Tablet,Pfizer,5951,9186.16,982,57,BT510903,Evans Medical,C2,2027-09-04
SKU01918,Diltiazem,Antihypertensive,50mg,Tablet,GSK,11235,17023.05,456,74,BT560641,Drugfield Pharmaceuticals,C3,2028-11-02
SKU01919,Pyrazinamide,Antibiotic,625mg,Tablet,Swiss Pharma,10365,14348.37,550,31,BT664525,Drugfield Pharmaceuticals,D2,2027-02-08
SKU01920,Bromocriptine,General Medicine,5mg,Tablet,Swiss Pharma,14800,18272.49,370,31,BT506047,Swiss Pharma Nigeria,C2,2027-02-21
SKU01921,Esomeprazole,Antifungal,100mg,Tablet,GSK,2927,4098.89,932,30,BT602425,Swiss Pharma Nigeria,B2,2029-05-20
SKU01922,Tetracycline,Antibiotic,250mg,Injection,Juhel,13903,17278.76,140,53,BT755670,Swiss Pharma Nigeria,A2,2028-08-16
SKU01923,Enalapril,Antihypertensive,50mg,Tablet,Juhel,918,1157.34,850,83,BT696959,Fidson Healthcare,B3,2029-10-08
SKU01924,Sulfasalazine,General Medicine,100mg,Capsule,Emzor,13710,18203.48,43,30,BT180665,Emzor Pharmaceuticals,D2,2026-10-14
SKU01925,Nifedipine,Antihypertensive,5mg,Tablet,Swiss Pharma,15996,23059.34,721,77,BT793685,Swiss Pharma Nigeria,B1,2028-03-18
SKU01926,Ciprofloxacin,Antibiotic,1g,Capsule,Swiss Pharma,8704,11102.22,820,55,BT124011,Swiss Pharma Nigeria,B2,2028-10-14
SKU01927,Loratadine,Antihistamine,180mg,Tablet,Evans,2069,3123.45,609,58,BT221260,Swiss Pharma Nigeria,A3,2027-06-08
SKU01928,Cefixime,Antibiotic,1g,Suspension,Juhel,12923,19614.64,475,84,BT291244,Emzor Pharmaceuticals,A1,2029-08-29
SKU01929,Cefuroxime,Antibiotic,125mg,Suspension,Pfizer,11191,14812.65,709,51,BT428193,May & Baker Nigeria,A3,2028-09-06
SKU01930,Carvedilol,General Medicine,5mg,Tablet,Neimeth,14181,19201.92,991,24,BT622087,Swiss Pharma Nigeria,A1,2027-05-21
SKU01931,Metronidazole,Antifungal,100mg,Cream,Emzor,8956,11124.0,376,55,BT984424,Evans Medical,B1,2026-12-20
SKU01932,Amoxicillin,Antibiotic,625mg,Capsule,GSK,16044,20791.15,806,80,BT154480,May & Baker Nigeria,D1,2028-01-10
SKU01933,Carbamazepine,Antiepileptic,500mg,Capsule,May & Baker,14116,22231.3,619,53,BT908860,Swiss Pharma Nigeria,B3,2028-05-20
SKU01934,Salbutamol,Respiratory,200mcg,Nebule,Neimeth,379,482.83,445,100,BT928100,Evans Medical,B1,2027-05-17
SKU01935,Beclometasone,Respiratory,100mcg,Inhaler,Juhel,5092,7081.48,400,65,BT148806,Fidson Healthcare,B1,2027-08-14
SKU01936,Olanzapine,Psychiatric,10mg,Tablet,Juhel,2117,2971.09,600,56,BT957173,Evans Medical,B1,2029-11-18
SKU01937,Latanoprost,General Medicine,100mg,Tablet,May & Baker,3799,5410.74,48,66,BT585288,Evans Medical,A1,2028-03-07
SKU01938,Nitrofurantoin,General Medicine,10mg,Capsule,Pfizer,2050,2982.81,671,44,BT303705,Emzor Pharmaceuticals,A3,2029-12-06
SKU01939,Morphine,Analgesic,1000mg,Tablet,May & Baker,10797,13784.09,61,88,BT888245,May & Baker Nigeria,C1,2028-03-30
SKU01940,Calcium Carbonate,General Medicine,50mg,Tablet,Juhel,19931,25210.27,898,31,BT131076,Fidson Healthcare,A1,2026-10-31
SKU01941,Levofloxacin,Antibiotic,250mg,Suspension,Neimeth,15792,18909.67,436,77,BT950363,Emzor Pharmaceuticals,A1,2030-04-19
SKU01942,Vitamin B Complex,General Medicine,50mg,Tablet,Juhel,2846,4178.86,966,27,BT642753,Fidson Healthcare,A3,2027-04-11
SKU01943,Ciprofloxacin,Antibiotic,500mg,Tablet,May & Baker,15874,24615.04,328,71,BT241848,Emzor Pharmaceuticals,C3,2029-04-03
SKU01944,Gentamicin,General Medicine,50mg,Tablet,Evans,7696,9991.22,784,38,BT484515,Drugfield Pharmaceuticals,B1,2028-01-07
SKU01945,Zinc Sulphate,General Medicine,5mg,Tablet,Fidson,8305,12978.03,302,87,BT342303,Drugfield Pharmaceuticals,B3,2028-02-16
SKU01946,Methylprednisolone,Corticosteroid,5mg,Cream,Swiss Pharma,11055,16356.64,838,98,BT167993,Fidson Healthcare,A2,2029-09-12
SKU01947,Ampicillin,Antibiotic,250mg,Suspension,Fidson,18978,30163.26,577,78,BT467447,Evans Medical,C1,2029-01-28
SKU01948,Telmisartan,Antihypertensive,100mg,Tablet,Neimeth,184,244.75,793,46,BT153930,Fidson Healthcare,A2,2029-02-01
SKU01949,Magnesium Hydroxide,General Medicine,5mg,Tablet,Evans,855,1078.61,990,70,BT413232,Emzor Pharmaceuticals,C2,2029-02-15
SKU01950,Montelukast,Respiratory,4mg,Tablet,Emzor,8881,14204.24,335,93,BT309136,May & Baker Nigeria,A2,2027-08-05
SKU01951,Tetracycline,Antibiotic,625mg,Capsule,Fidson,3047,3630.77,151,72,BT510483,Drugfield Pharmaceuticals,A3,2029-06-24
SKU01952,Citalopram,Psychiatric,100mg,Tablet,Evans,3444,4185.61,250,46,BT507550,Evans Medical,D1,2026-11-06
SKU01953,Nifedipine,Antihypertensive,5mg,Tablet,Fidson,14399,16918.38,715,100,BT824305,Emzor Pharmaceuticals,A1,2029-02-04
SKU01954,Azithromycin,Antibiotic,500mg,Tablet,May & Baker,6605,7796.81,352,80,BT361449,Emzor Pharmaceuticals,A1,2030-04-26
SKU01955,Empagliflozin,Antidiabetic,25mg,Tablet,Pfizer,573,720.75,472,85,BT512356,Swiss Pharma Nigeria,D3,2027-03-20
SKU01956,Pioglitazone,Antidiabetic,10mg,Injection,Evans,14885,23345.17,727,59,BT810199,Fidson Healthcare,A1,2029-12-16
SKU01957,Pyrazinamide,Antibiotic,500mg,Suspension,Emzor,19960,31232.14,720,43,BT475011,Emzor Pharmaceuticals,B1,2028-01-28
SKU01958,Nifedipine,Antihypertensive,50mg,Tablet,Emzor,19084,29107.84,128,93,BT154164,Evans Medical,D3,2027-03-05
SKU01959,Nifedipine,Antihypertensive,10mg,Tablet,Juhel,2501,3184.86,443,44,BT494385,Emzor Pharmaceuticals,D3,2027-06-06
SKU01960,Hydralazine,Antihypertensive,50mg,Tablet,GSK,6008,7892.93,674,56,BT341328,Evans Medical,D2,2027-03-03
SKU01961,Aspirin,General Medicine,5mg,Capsule,GSK,2967,4626.39,454,94,BT712890,May & Baker Nigeria,D3,2028-09-19
SKU01962,Vitamin D3,General Medicine,10mg,Capsule,Pfizer,3457,5522.33,3,65,BT592667,Emzor Pharmaceuticals,B2,2028-03-22
SKU01963,Budesonide,Respiratory,2mg,Tablet,Emzor,18553,25901.95,185,76,BT618589,Fidson Healthcare,A3,2029-08-14
SKU01964,Pantoprazole,Antifungal,500mg,Cream,Fidson,3670,5698.14,710,75,BT757809,Evans Medical,B1,2029-06-10
SKU01965,Fexofenadine,Antihistamine,4mg,Tablet,Juhel,14833,20084.73,888,89,BT429368,Swiss Pharma Nigeria,A1,2026-12-12
SKU01966,Mebendazole,Antifungal,200mg,Cream,GSK,15835,22984.42,63,50,BT800381,Evans Medical,D2,2028-05-07
SKU01967,Famotidine,General Medicine,10mg,Capsule,Fidson,19643,24755.8,88,49,BT881456,May & Baker Nigeria,B2,2027-03-03
SKU01968,Nitrofurantoin,General Medicine,50mg,Capsule,Swiss Pharma,19695,24948.17,214,80,BT246361,Swiss Pharma Nigeria,B3,2028-06-08
SKU01969,Nitroglycerin,General Medicine,50mg,Tablet,Pfizer,6162,9463.14,834,61,BT110852,Emzor Pharmaceuticals,C1,2027-03-05
SKU01970,Ramipril,Antihypertensive,100mg,Tablet,Emzor,17312,22097.86,397,53,BT726899,May & Baker Nigeria,B3,2030-06-05
SKU01971,Rivaroxaban,Anticoagulant,10mg,Tablet,GSK,19335,23506.62,201,55,BT270568,Evans Medical,D3,2028-03-15
SKU01972,Famotidine,General Medicine,25mg,Capsule,May & Baker,3059,4011.31,312,51,BT320986,Evans Medical,B1,2028-04-28
SKU01973,Mebendazole,Antifungal,500mg,Cream,Evans,9067,12519.12,888,24,BT386719,Swiss Pharma Nigeria,A2,2029-06-03
SKU01974,Aluminium Hydroxide,General Medicine,25mg,Tablet,GSK,10150,12581.66,836,33,BT456021,Drugfield Pharmaceuticals,A1,2029-08-18
SKU01975,Hydroxychloroquine,Antimalarial,50mg,Tablet,Fidson,13681,16503.41,57,64,BT987099,Swiss Pharma Nigeria,A3,2029-06-06
SKU01976,Hydroxychloroquine,Antimalarial,200mg,Injection,GSK,13576,21679.95,482,56,BT625756,Emzor Pharmaceuticals,C1,2029-07-15
SKU01977,Carbimazole,Antifungal,500mg,Tablet,Neimeth,17808,25527.15,721,68,BT332258,Evans Medical,A1,2028-08-05
SKU01978,Levothyroxine,General Medicine,10mg,Tablet,GSK,8104,9774.69,732,49,BT901857,Evans Medical,A3,2027-12-16
SKU01979,Ketoconazole,Antifungal,100mg,Capsule,Juhel,15828,18938.24,192,27,BT642110,May & Baker Nigeria,A2,2029-08-10
SKU01980,Chlorpromazine,Psychiatric,50mg,Tablet,Fidson,12947,19302.71,97,80,BT256916,Evans Medical,C3,2029-09-21
SKU01981,Metoclopramide,General Medicine,10mg,Tablet,Drugfield,17227,22359.67,969,91,BT299114,Fidson Healthcare,C2,2027-11-04
SKU01982,Meloxicam,NSAID,200mg,Tablet,Emzor,9290,12355.14,514,91,BT593362,Fidson Healthcare,A2,2027-10-04
SKU01983,Nystatin,Statin,20mg,Tablet,May & Baker,6037,9551.38,660,32,BT264982,Evans Medical,B1,2027-05-24
SKU01984,Haloperidol,Psychiatric,5mg,Tablet,Juhel,7325,9142.06,44,80,BT567532,Fidson Healthcare,C2,2029-07-17
SKU01985,Dorzolamide,General Medicine,5mg,Tablet,GSK,16484,19683.96,453,31,BT213839,Drugfield Pharmaceuticals,D2,2028-03-02
SKU01986,Pyrimethamine,Antimalarial,100mg,Tablet,GSK,14429,22684.52,825,46,BT957301,Fidson Healthcare,A2,2030-03-09
SKU01987,Sildenafil,General Medicine,5mg,Tablet,Fidson,17903,22822.02,741,73,BT360285,Evans Medical,A2,2029-06-29
SKU01988,Loratadine,Antihistamine,4mg,Tablet,Drugfield,8392,11898.7,585,34,BT415968,Drugfield Pharmaceuticals,C1,2030-06-28
SKU01989,Cefotaxime,Antibiotic,1g,Capsule,GSK,14267,18277.82,706,69,BT106708,Fidson Healthcare,A2,2027-09-08
SKU01990,Enoxaparin,Anticoagulant,10mg,Tablet,Evans,16909,23114.39,945,55,BT452118,Evans Medical,B2,2030-06-05
SKU01991,Tinidazole,Antifungal,200mg,Cream,Fidson,10721,15946.11,908,81,BT158930,Emzor Pharmaceuticals,B1,2029-02-12
SKU01992,Piperacillin,Antibiotic,125mg,Suspension,Juhel,7581,10229.64,185,60,BT322839,May & Baker Nigeria,A3,2027-09-25
SKU01993,Budesonide,Respiratory,200mcg,Inhaler,GSK,3852,4707.88,628,23,BT139827,Swiss Pharma Nigeria,B2,2029-06-05
SKU01994,Pilocarpine,General Medicine,25mg,Tablet,Fidson,16034,23199.48,710,68,BT414602,May & Baker Nigeria,B1,2027-01-05
SKU01995,Pilocarpine,General Medicine,10mg,Tablet,Neimeth,6345,9686.12,426,49,BT333857,Drugfield Pharmaceuticals,A3,2028-07-05
SKU01996,Pantoprazole,Antifungal,150mg,Cream,Juhel,15261,22735.01,66,67,BT898860,Fidson Healthcare,B2,2028-11-18
SKU01997,Calcium Carbonate,General Medicine,50mg,Capsule,Drugfield,16575,25827.74,106,94,BT389463,Fidson Healthcare,B1,2027-09-07
SKU01998,Spironolactone,Diuretic,25mg,Tablet,Pfizer,6297,8411.77,699,90,BT318706,Drugfield Pharmaceuticals,D1,2029-01-29
SKU01999,Chloroquine,Antimalarial,100mg,Tablet,Evans,4410,6987.24,80,94,BT151589,Fidson Healthcare,D2,2027-08-24
SKU02000,Ferrous Sulphate,General Medicine,100mg,Capsule,Fidson,5483,8384.97,943,72,BT648708,May & Baker Nigeria,B1,2029-09-21
